사고부문,사고번호,사고일시,요일,시군구,사고내용,사망자수,중상자수,경상자수,부상신고자수,사고유형,법규위반,노면상태,기상상태,도로형태,가해운전자 차종,가해운전자 성별,가해운전자 연령,가해운전자 상해정도,피해운전자 차종,피해운전자 성별,피해운전자 연령,피해운전자 상해정도
음주운전,2020050400100546,2020년 5월 4일 19시,월요일,부산광역시 동래구 안락동,부상신고사고,0,0,0,1,차대차 - 추돌,안전운전불이행,건조,흐림,단일로 - 기타,승용,남,52세,상해없음,승용,남,25세,부상신고
음주운전,2020050400100581,2020년 5월 4일 20시,월요일,부산광역시 해운대구 반송동,경상사고,0,0,1,0,차대차 - 추돌,안전운전불이행,건조,맑음,단일로 - 기타,승용,남,45세,상해없음,승용,남,62세,경상
음주운전,2020050500100038,2020년 5월 5일 03시,화요일,부산광역시 부산진구 당감동,경상사고,0,0,1,0,차대차 - 추돌,안전운전불이행,건조,맑음,교차로 - 교차로부근,승용,남,34세,상해없음,화물,남,63세,경상
음주운전,2020050600100613,2020년 5월 6일 21시,수요일,부산광역시 부산진구 부전동,경상사고,0,0,1,0,차대사람 - 길가장자리구역통행중,안전운전불이행,건조,맑음,단일로 - 기타,자전거,남,47세,상해없음,보행자,여,60세,경상
음주운전,2020050700100018,2020년 5월 7일 01시,목요일,부산광역시 남구 용호동,경상사고,0,0,1,0,차대차 - 추돌,안전운전불이행,건조,맑음,교차로 - 교차로부근,승용,남,53세,상해없음,승용,남,52세,경상
음주운전,2020050700100019,2020년 5월 7일 01시,목요일,부산광역시 연제구 연산동,경상사고,0,0,1,0,차대사람 - 기타,안전운전불이행,건조,맑음,단일로 - 기타,승용,남,51세,상해없음,보행자,남,38세,경상
음주운전,2020050800100435,2020년 5월 8일 18시,금요일,부산광역시 연제구 연산동,경상사고,0,0,1,0,차대사람 - 횡단중,안전운전불이행,건조,맑음,교차로 - 교차로안,화물,남,57세,상해없음,보행자,남,58세,경상
음주운전,2020050800100695,2020년 5월 8일 22시,금요일,부산광역시 사상구 학장동,경상사고,0,0,1,0,차대차 - 정면충돌,안전운전불이행,건조,맑음,교차로 - 교차로안,승용,남,23세,상해없음,승용,남,44세,경상
음주운전,2020050900100008,2020년 5월 9일 00시,토요일,부산광역시 기장군 기장읍,중상사고,0,3,0,0,차대차 - 기타,안전운전불이행,건조,맑음,기타 - 기타,승합,남,38세,상해없음,승용,남,22세,중상
음주운전,2020050900100459,2020년 5월 9일 19시,토요일,부산광역시 해운대구 좌동,경상사고,0,0,3,0,차대차 - 측면충돌,안전운전불이행,건조,맑음,단일로 - 기타,승용,여,36세,상해없음,승용,남,39세,경상
음주운전,2020050900100526,2020년 5월 9일 21시,토요일,부산광역시 북구 덕천동,중상사고,0,1,0,0,차대차 - 후진중충돌,안전운전불이행,젖음/습기,흐림,단일로 - 기타,승용,남,53세,상해없음,승용,남,37세,중상
음주운전,2020050900100596,2020년 5월 9일 23시,토요일,부산광역시 사하구 하단동,부상신고사고,0,0,0,1,차량단독 - 공작물충돌,안전운전불이행,건조,맑음,단일로 - 기타,개인형이동수단(PM),남,36세,부상신고,,,,
음주운전,2020051000100047,2020년 5월 10일 03시,일요일,부산광역시 동래구 온천동,경상사고,0,0,1,0,차대차 - 추돌,안전운전불이행,건조,맑음,단일로 - 기타,승용,남,44세,상해없음,승용,남,63세,상해없음
음주운전,2.02005E+15,2020년 5월 10일 04시,일요일,부산광역시 사상구 괘법동,부상신고사고,0,0,0,1,차대차 - 측면충돌,신호위반,건조,흐림,교차로 - 교차로안,이륜,남,29세,부상신고,승용,남,62세,기타불명
음주운전,2020051100100019,2020년 5월 11일 02시,월요일,부산광역시 금정구 구서동,경상사고,0,0,1,0,차대차 - 기타,안전운전불이행,건조,맑음,단일로 - 기타,승용,남,42세,상해없음,승용,남,71세,경상
음주운전,2020051100100471,2020년 5월 11일 17시,월요일,부산광역시 해운대구 반송동,경상사고,0,0,3,0,차대차 - 추돌,안전운전불이행,건조,맑음,교차로 - 교차로안,승용,남,61세,상해없음,승용,여,46세,경상
음주운전,2020051200100006,2020년 5월 12일 00시,화요일,부산광역시 수영구 망미동,중상사고,0,1,0,0,차대차 - 추돌,직진우회전진행방해,건조,맑음,교차로 - 교차로안,승용,남,46세,상해없음,승용,남,59세,중상
음주운전,2020051200100031,2020년 5월 12일 02시,화요일,부산광역시 수영구 망미동,경상사고,0,0,3,0,차대차 - 추돌,안전거리미확보,건조,맑음,단일로 - 기타,승용,남,31세,상해없음,승용,남,40세,경상
음주운전,2020051300100356,2020년 5월 13일 15시,수요일,부산광역시 사상구 학장동,경상사고,0,0,2,1,차대차 - 추돌,안전운전불이행,건조,맑음,단일로 - 기타,승용,남,61세,부상신고,화물,남,40세,경상
음주운전,2020051300100621,2020년 5월 13일 22시,수요일,부산광역시 영도구 청학동,중상사고,0,1,0,0,차대사람 - 기타,과속,건조,맑음,단일로 - 기타,승용,남,37세,상해없음,보행자,여,77세,중상
음주운전,2020051400100005,2020년 5월 14일 00시,목요일,부산광역시 부산진구 전포동,중상사고,0,1,0,0,차대차 - 추돌,안전운전불이행,건조,맑음,기타 - 기타,승용,남,27세,상해없음,이륜,남,38세,중상
음주운전,2020051500100189,2020년 5월 15일 11시,금요일,부산광역시 사하구 다대동,경상사고,0,0,1,0,차대차 - 추돌,안전운전불이행,건조,맑음,단일로 - 기타,승용,남,54세,상해없음,승용,남,59세,경상
음주운전,2020051500100535,2020년 5월 15일 20시,금요일,부산광역시 연제구 연산동,경상사고,0,0,1,0,차대차 - 추돌,안전운전불이행,젖음/습기,비,단일로 - 기타,승용,남,55세,상해없음,승용,남,27세,경상
음주운전,2020051500100625,2020년 5월 15일 22시,금요일,부산광역시 남구 용당동,경상사고,0,0,1,0,차대차 - 정면충돌,중앙선침범,건조,맑음,교차로 - 교차로부근,승용,남,66세,상해없음,승용,남,45세,경상
음주운전,2020051500100626,2020년 5월 15일 22시,금요일,부산광역시 수영구 광안동,중상사고,0,1,0,0,차대사람 - 횡단중,안전운전불이행,건조,맑음,교차로 - 교차로부근,승용,남,63세,상해없음,보행자,여,59세,중상
음주운전,2020051600100047,2020년 5월 16일 02시,토요일,부산광역시 부산진구 초읍동,경상사고,0,0,1,0,차대사람 - 차도통행중,보행자보호의무위반,젖음/습기,비,교차로 - 교차로안,이륜,남,22세,상해없음,보행자,남,62세,경상
음주운전,2.02005E+15,2020년 5월 16일 05시,토요일,부산광역시 사상구 엄궁동,중상사고,0,3,2,0,차대차 - 측면충돌,과속,젖음/습기,비,단일로 - 기타,승용,남,27세,상해없음,승용,남,48세,경상
음주운전,2020051700100032,2020년 5월 17일 02시,일요일,부산광역시 해운대구 우동,중상사고,0,1,3,0,차대차 - 정면충돌,안전운전불이행,건조,맑음,교차로 - 교차로안,승용,남,29세,상해없음,승용,여,50세,중상
음주운전,2020051700100306,2020년 5월 17일 17시,일요일,부산광역시 부산진구 개금동,중상사고,0,1,0,0,차대차 - 측면충돌,직진우회전진행방해,건조,맑음,교차로 - 교차로안,승용,남,52세,상해없음,이륜,남,52세,중상
음주운전,2020051700100459,2020년 5월 17일 22시,일요일,부산광역시 해운대구 중동,경상사고,0,0,2,0,차대차 - 추돌,안전운전불이행,건조,맑음,단일로 - 기타,승용,여,47세,상해없음,기타불명,기타불명,미분류,기타불명
음주운전,2020051800100059,2020년 5월 18일 07시,월요일,부산광역시 금정구 구서동,경상사고,0,0,1,0,차대차 - 측면충돌,안전운전불이행,건조,흐림,교차로 - 교차로안,승용,여,36세,상해없음,승용,여,38세,경상
음주운전,2020051800100619,2020년 5월 18일 22시,월요일,부산광역시 동래구 온천동,경상사고,0,0,2,0,차대차 - 추돌,안전운전불이행,건조,맑음,교차로 - 교차로부근,승용,남,61세,상해없음,승용,남,27세,경상
음주운전,2020051900100004,2020년 5월 19일 00시,화요일,부산광역시 해운대구 반여동,경상사고,0,0,1,0,차대차 - 추돌,안전운전불이행,젖음/습기,비,단일로 - 기타,화물,남,28세,상해없음,승용,남,35세,경상
음주운전,2020051900100037,2020년 5월 19일 04시,화요일,부산광역시 해운대구 반송동,경상사고,0,0,1,1,차대차 - 측면충돌,신호위반,건조,맑음,교차로 - 교차로안,이륜,남,66세,부상신고,승용,여,68세,경상
음주운전,2.02005E+15,2020년 5월 19일 11시,화요일,부산광역시 사하구 괴정동,부상신고사고,0,0,0,1,차대차 - 정면충돌,안전운전불이행,건조,맑음,교차로 - 교차로안,이륜,남,44세,부상신고,승용,남,72세,상해없음
음주운전,2020051900100448,2020년 5월 19일 19시,화요일,부산광역시 해운대구 좌동,경상사고,0,0,1,0,차대차 - 추돌,안전운전불이행,건조,맑음,단일로 - 기타,승용,남,62세,상해없음,승용,남,46세,경상
음주운전,2020052000100053,2020년 5월 20일 05시,수요일,부산광역시 동래구 사직동,경상사고,0,0,1,0,차대차 - 측면충돌,중앙선침범,건조,맑음,단일로 - 기타,승용,남,31세,상해없음,승용,남,66세,경상
음주운전,2020052000100059,2020년 5월 20일 06시,수요일,부산광역시 북구 금곡동,경상사고,0,0,1,0,차대차 - 기타,중앙선침범,건조,맑음,단일로 - 기타,승용,남,25세,상해없음,승용,남,60세,경상
음주운전,2020052000100421,2020년 5월 20일 16시,수요일,부산광역시 기장군 기장읍,경상사고,0,0,5,0,차대차 - 추돌,안전운전불이행,건조,맑음,단일로 - 기타,승용,남,68세,상해없음,승용,남,48세,경상
음주운전,2020052000100525,2020년 5월 20일 18시,수요일,부산광역시 동래구 사직동,경상사고,0,0,1,0,차대차 - 측면충돌,안전운전불이행,건조,맑음,단일로 - 기타,화물,남,49세,상해없음,승용,남,69세,경상
음주운전,2020052100100603,2020년 5월 21일 22시,목요일,부산광역시 수영구 민락동,중상사고,0,1,1,0,차대사람 - 횡단중,안전운전불이행,건조,맑음,단일로 - 기타,이륜,남,32세,상해없음,보행자,남,62세,중상
음주운전,2020052400100434,2020년 5월 24일 21시,일요일,부산광역시 사하구 괴정동,경상사고,0,0,1,0,차대차 - 기타,안전거리미확보,건조,맑음,단일로 - 기타,화물,남,35세,상해없음,승용,남,58세,경상
음주운전,2020052500100082,2020년 5월 25일 08시,월요일,부산광역시 기장군 기장읍,경상사고,0,0,1,0,차대차 - 측면충돌,안전거리미확보,건조,맑음,교차로 - 교차로부근,승용,여,38세,상해없음,이륜,남,80세,상해없음
음주운전,2.02005E+15,2020년 5월 25일 22시,월요일,부산광역시 강서구 봉림동,경상사고,0,0,1,0,차대차 - 추돌,안전운전불이행,건조,맑음,단일로 - 기타,승용,남,28세,상해없음,승용,남,38세,경상
음주운전,2020052600100254,2020년 5월 26일 13시,화요일,부산광역시 동래구 명륜동,경상사고,0,0,1,0,차대차 - 후진중충돌,안전운전불이행,건조,맑음,단일로 - 기타,화물,남,50세,상해없음,이륜,남,77세,경상
음주운전,2020052600100482,2020년 5월 26일 19시,화요일,부산광역시 부산진구 당감동,경상사고,0,0,1,0,차대차 - 추돌,안전운전불이행,건조,맑음,단일로 - 기타,승용,여,40세,상해없음,승용,남,52세,경상
음주운전,2020052700100656,2020년 5월 27일 22시,수요일,부산광역시 기장군 기장읍,경상사고,0,0,3,0,차대차 - 추돌,안전운전불이행,건조,맑음,교차로 - 교차로부근,승용,남,36세,상해없음,승용,여,25세,경상
음주운전,2020052800100051,2020년 5월 28일 05시,목요일,부산광역시 기장군 정관읍,부상신고사고,0,0,0,1,차량단독 - 기타,안전운전불이행,건조,맑음,단일로 - 기타,이륜,남,23세,상해없음,,,,
음주운전,2.02005E+15,2020년 5월 28일 17시,목요일,부산광역시 사하구 장림동,경상사고,0,0,2,0,차대차 - 측면충돌,과속,건조,맑음,단일로 - 기타,승용,남,32세,상해없음,승용,여,51세,경상
음주운전,2020052900100029,2020년 5월 29일 03시,금요일,부산광역시 영도구 봉래동1가,경상사고,0,0,1,0,차대차 - 추돌,안전운전불이행,건조,맑음,기타 - 기타,승용,여,53세,상해없음,승용,남,40세,경상
음주운전,2020052900100731,2020년 5월 29일 23시,금요일,부산광역시 수영구 민락동,중상사고,0,1,2,0,차대차 - 측면충돌,안전운전불이행,건조,맑음,교차로 - 교차로안,승용,남,42세,상해없음,승용,남,60세,경상
음주운전,2020053000100022,2020년 5월 30일 01시,토요일,부산광역시 해운대구 우동,경상사고,0,0,1,0,차대차 - 측면충돌,차로위반,건조,맑음,교차로 - 교차로안,승용,남,31세,상해없음,승용,남,37세,경상
음주운전,2020053000100081,2020년 5월 30일 06시,토요일,부산광역시 수영구 망미동,경상사고,0,0,1,0,차량단독 - 기타,안전운전불이행,건조,맑음,교차로 - 교차로부근,원동기,남,18세,경상,,,,
음주운전,2020053100100054,2020년 5월 31일 04시,일요일,부산광역시 해운대구 우동,경상사고,0,0,2,0,차대차 - 측면충돌,안전운전불이행,건조,맑음,단일로 - 기타,승용,남,25세,상해없음,승용,남,63세,경상
음주운전,2020060100100051,2020년 6월 1일 06시,월요일,부산광역시 해운대구 재송동,경상사고,0,0,1,0,차대차 - 추돌,안전운전불이행,건조,맑음,단일로 - 기타,승용,남,34세,상해없음,특수,남,52세,경상
음주운전,2020060200100018,2020년 6월 2일 02시,화요일,부산광역시 서구 암남동,중상사고,0,1,0,0,차량단독 - 전도전복 - 전도,안전운전불이행,건조,맑음,교차로 - 교차로부근,이륜,남,21세,중상,,,,
음주운전,2020060200100563,2020년 6월 2일 21시,화요일,부산광역시 북구 구포동,경상사고,0,0,1,0,차대차 - 측면충돌,안전운전불이행,건조,맑음,교차로 - 교차로부근,화물,남,38세,상해없음,승용,남,44세,경상
음주운전,2020060200100584,2020년 6월 2일 22시,화요일,부산광역시 수영구 남천동,경상사고,0,0,1,0,차대차 - 측면충돌,안전운전불이행,건조,맑음,교차로 - 교차로안,승용,남,38세,상해없음,승용,남,53세,경상
음주운전,2020060200100587,2020년 6월 2일 22시,화요일,부산광역시 연제구 연산동,경상사고,0,0,2,0,차대차 - 추돌,안전운전불이행,건조,맑음,교차로 - 교차로부근,화물,남,37세,상해없음,승용,남,56세,경상
음주운전,2020060400100021,2020년 6월 4일 01시,목요일,부산광역시 사상구 덕포동,중상사고,0,2,0,0,차대차 - 측면충돌,신호위반,건조,맑음,교차로 - 교차로안,승용,남,41세,중상,승용,남,48세,중상
음주운전,2020060400100043,2020년 6월 4일 05시,목요일,부산광역시 부산진구 범천동,중상사고,0,1,0,0,차대차 - 측면충돌,신호위반,건조,맑음,교차로 - 교차로안,승용,남,31세,상해없음,화물,남,60세,중상
음주운전,2020060500100499,2020년 6월 5일 18시,금요일,부산광역시 동래구 수안동,부상신고사고,0,0,0,1,차량단독 - 전도전복 - 전도,안전운전불이행,건조,맑음,단일로 - 기타,이륜,남,68세,부상신고,,,,
음주운전,2020060500100643,2020년 6월 5일 21시,금요일,부산광역시 중구 부평동2가,경상사고,0,0,1,0,차대차 - 추돌,안전운전불이행,건조,맑음,교차로 - 교차로부근,승용,남,49세,상해없음,승합,남,47세,경상
음주운전,2020060600100005,2020년 6월 6일 00시,토요일,부산광역시 부산진구 가야동,경상사고,0,0,1,0,차량단독 - 기타,안전운전불이행,건조,맑음,기타 - 기타,이륜,남,44세,경상,,,,
음주운전,2.02006E+15,2020년 6월 6일 01시,토요일,부산광역시 연제구 거제동,경상사고,0,0,2,0,차대차 - 추돌,안전운전불이행,건조,맑음,단일로 - 기타,승용,여,34세,상해없음,승용,남,46세,경상
음주운전,2020060600100068,2020년 6월 6일 04시,토요일,부산광역시 동구 좌천동,경상사고,0,0,2,0,차대차 - 측면충돌,중앙선침범,건조,맑음,단일로 - 기타,승용,남,23세,상해없음,승용,남,70세,경상
음주운전,2020060600100087,2020년 6월 6일 07시,토요일,부산광역시 북구 구포동,중상사고,0,1,1,0,차대차 - 기타,교차로운행방법위반,건조,맑음,교차로 - 교차로부근,승용,남,27세,상해없음,승용,남,65세,중상
음주운전,2020060600100587,2020년 6월 6일 23시,토요일,부산광역시 강서구 송정동,중상사고,0,1,3,0,차대차 - 측면충돌,신호위반,건조,맑음,교차로 - 교차로안,승용,남,53세,상해없음,승용,남,25세,경상
음주운전,2020060700100017,2020년 6월 7일 01시,일요일,부산광역시 남구 대연동,경상사고,0,0,1,0,차대차 - 기타,안전운전불이행,건조,맑음,단일로 - 기타,승용,남,51세,상해없음,승용,남,37세,경상
음주운전,2020060800100107,2020년 6월 8일 08시,월요일,부산광역시 동구 범일동,중상사고,0,2,2,0,차대차 - 추돌,안전거리미확보,건조,맑음,단일로 - 기타,승용,여,32세,상해없음,승용,여,32세,중상
음주운전,2020060800100703,2020년 6월 8일 23시,월요일,부산광역시 남구 대연동,경상사고,0,0,1,0,차대사람 - 기타,안전운전불이행,건조,맑음,단일로 - 기타,승용,남,29세,상해없음,보행자,남,43세,경상
음주운전,2020060900100061,2020년 6월 9일 07시,화요일,부산광역시 부산진구 전포동,경상사고,0,0,1,0,차대차 - 정면충돌,안전운전불이행,건조,맑음,교차로 - 교차로안,승용,남,36세,상해없음,승용,남,37세,경상
음주운전,2020061100100023,2020년 6월 11일 01시,목요일,부산광역시 해운대구 좌동,경상사고,0,0,1,0,차대차 - 추돌,안전운전불이행,젖음/습기,비,교차로 - 교차로안,승용,여,43세,상해없음,승용,남,27세,경상
음주운전,2020061100100613,2020년 6월 11일 22시,목요일,부산광역시 남구 대연동,경상사고,0,0,1,0,차대차 - 추돌,안전운전불이행,건조,흐림,교차로 - 교차로부근,승용,남,27세,상해없음,승합,남,59세,경상
음주운전,2020061100100642,2020년 6월 11일 23시,목요일,부산광역시 수영구 광안동,경상사고,0,0,1,0,차대차 - 추돌,안전운전불이행,건조,맑음,교차로 - 교차로안,승용,남,37세,기타불명,승용,여,37세,경상
음주운전,2020061100100643,2020년 6월 11일 23시,목요일,부산광역시 북구 덕천동,부상신고사고,0,0,0,1,차량단독 - 공작물충돌,안전운전불이행,건조,맑음,교차로 - 교차로안,원동기,남,18세,부상신고,,,,
음주운전,2020061200100395,2020년 6월 12일 16시,금요일,부산광역시 동래구 복천동,중상사고,0,1,0,0,차대사람 - 횡단중,보행자보호의무위반,건조,맑음,교차로 - 교차로횡단보도내,화물,남,59세,상해없음,보행자,여,65세,중상
음주운전,2020061200100723,2020년 6월 12일 23시,금요일,부산광역시 사상구 감전동,부상신고사고,0,0,0,2,차대차 - 정면충돌,중앙선침범,젖음/습기,비,단일로 - 기타,승용,남,37세,상해없음,승용,남,59세,부상신고
음주운전,2020061200100724,2020년 6월 12일 23시,금요일,부산광역시 기장군 정관읍,경상사고,0,0,2,0,차대차 - 기타,안전운전불이행,건조,맑음,단일로 - 기타,화물,남,66세,상해없음,승용,여,28세,경상
음주운전,2020061300100036,2020년 6월 13일 01시,토요일,부산광역시 남구 감만동,경상사고,0,0,5,0,차대차 - 기타,안전운전불이행,젖음/습기,비,교차로 - 교차로안,승용,남,47세,상해없음,승합,남,47세,경상
음주운전,2020061300100039,2020년 6월 13일 01시,토요일,부산광역시 연제구 연산동,경상사고,0,0,4,0,차대차 - 측면충돌,안전운전불이행,젖음/습기,맑음,교차로 - 교차로안,승용,여,46세,상해없음,승합,남,62세,경상
음주운전,2020061300100096,2020년 6월 13일 06시,토요일,부산광역시 부산진구 전포동,경상사고,0,0,1,0,차대차 - 추돌,안전운전불이행,젖음/습기,비,단일로 - 기타,승용,남,27세,상해없음,승용,남,53세,경상
음주운전,2.02006E+15,2020년 6월 13일 07시,토요일,부산광역시 영도구 봉래동5가,중상사고,0,1,1,0,차대차 - 추돌,안전운전불이행,젖음/습기,비,단일로 - 고가도로위,승용,여,47세,경상,승용,남,78세,중상
음주운전,2020061300100209,2020년 6월 13일 11시,토요일,부산광역시 기장군 기장읍,경상사고,0,0,2,0,차대차 - 추돌,안전운전불이행,건조,흐림,단일로 - 기타,승용,남,26세,상해없음,승용,남,60세,경상
음주운전,2020061300100558,2020년 6월 13일 20시,토요일,부산광역시 서구 남부민동,중상사고,0,1,0,2,차대차 - 정면충돌,중앙선침범,젖음/습기,흐림,단일로 - 기타,승용,남,31세,상해없음,승합,남,37세,중상
음주운전,2020061400100046,2020년 6월 14일 02시,일요일,부산광역시 금정구 장전동,경상사고,0,0,1,0,차대사람 - 횡단중,안전운전불이행,젖음/습기,비,교차로 - 교차로안,승용,남,20세,상해없음,보행자,남,24세,경상
음주운전,2020061400100075,2020년 6월 14일 05시,일요일,부산광역시 사상구 감전동,경상사고,0,0,2,0,차대차 - 측면충돌,신호위반,젖음/습기,흐림,교차로 - 교차로안,승용,여,37세,경상,화물,남,48세,경상
음주운전,2020061400100091,2020년 6월 14일 07시,일요일,부산광역시 부산진구 양정동,경상사고,0,0,1,0,차대차 - 추돌,안전운전불이행,젖음/습기,비,교차로 - 교차로부근,승용,남,48세,상해없음,승용,남,49세,경상
음주운전,2020061400100398,2020년 6월 14일 19시,일요일,부산광역시 부산진구 가야동,중상사고,0,1,2,0,차대차 - 기타,신호위반,건조,맑음,교차로 - 교차로안,이륜,남,39세,중상,승용,남,48세,경상
음주운전,2020061500100036,2020년 6월 15일 05시,월요일,부산광역시 동래구 안락동,중상사고,0,1,0,0,차대차 - 측면충돌,신호위반,건조,맑음,교차로 - 교차로안,원동기,남,24세,중상,승용,남,61세,상해없음
음주운전,2020061600100062,2020년 6월 16일 07시,화요일,부산광역시 연제구 연산동,중상사고,0,1,1,0,차대차 - 측면충돌,신호위반,건조,맑음,교차로 - 교차로안,원동기,남,20세,기타불명,승용,남,48세,경상
음주운전,2020061600100174,2020년 6월 16일 10시,화요일,부산광역시 수영구 수영동,중상사고,0,1,0,0,차대차 - 정면충돌,안전운전불이행,건조,맑음,단일로 - 기타,승합,남,41세,상해없음,화물,남,61세,중상
음주운전,2020061600100641,2020년 6월 16일 22시,화요일,부산광역시 부산진구 가야동,경상사고,0,0,2,0,차대차 - 추돌,안전운전불이행,건조,맑음,단일로 - 기타,승용,남,37세,상해없음,승합,남,47세,경상
음주운전,2.02006E+15,2020년 6월 17일 02시,수요일,부산광역시 영도구 영선동4가,중상사고,0,1,0,0,차량단독 - 전도전복 - 전도,안전운전불이행,건조,맑음,단일로 - 기타,이륜,남,60세,중상,,,,
음주운전,2.02006E+15,2020년 6월 17일 04시,수요일,부산광역시 해운대구 석대동,중상사고,0,1,0,0,차량단독 - 기타,안전운전불이행,건조,맑음,단일로 - 기타,이륜,남,25세,중상,,,,
음주운전,2020061700100355,2020년 6월 17일 15시,수요일,부산광역시 금정구 노포동,경상사고,0,0,5,1,차대차 - 추돌,안전운전불이행,건조,맑음,교차로 - 교차로안,화물,남,61세,경상,승용,여,71세,부상신고
음주운전,2020061700100622,2020년 6월 17일 23시,수요일,부산광역시 남구 용당동,경상사고,0,0,1,0,차대차 - 기타,안전운전불이행,건조,맑음,기타 - 기타,승용,남,39세,상해없음,승용,남,57세,경상
음주운전,2020061800100002,2020년 6월 18일 00시,목요일,부산광역시 사하구 하단동,경상사고,0,0,2,0,차대차 - 기타,안전운전불이행,젖음/습기,비,교차로 - 교차로부근,이륜,남,42세,상해없음,승용,여,57세,경상
음주운전,2020061800100464,2020년 6월 18일 18시,목요일,부산광역시 부산진구 초읍동,경상사고,0,0,3,0,차대차 - 추돌,안전운전불이행,젖음/습기,비,기타 - 기타,승용,여,37세,상해없음,이륜,남,48세,경상
음주운전,2020061800100626,2020년 6월 18일 23시,목요일,부산광역시 금정구 부곡동,경상사고,0,0,1,0,차대차 - 추돌,안전운전불이행,젖음/습기,비,교차로 - 교차로안,승용,남,29세,상해없음,승용,남,61세,경상
음주운전,2020061900100003,2020년 6월 19일 00시,금요일,부산광역시 동래구 사직동,중상사고,0,2,0,0,차대사람 - 기타,안전운전불이행,건조,맑음,단일로 - 기타,승용,남,46세,중상,보행자,남,55세,중상
음주운전,2020061900100146,2020년 6월 19일 09시,금요일,부산광역시 부산진구 전포동,경상사고,0,0,1,0,차대차 - 추돌,안전거리미확보,건조,맑음,기타 - 기타,승용,남,39세,상해없음,승용,남,41세,경상
음주운전,2020061900100541,2020년 6월 19일 18시,금요일,부산광역시 해운대구 우동,중상사고,0,1,1,0,차대차 - 추돌,안전운전불이행,건조,맑음,단일로 - 교량,승용,여,39세,상해없음,승용,여,51세,중상
음주운전,2020062000100004,2020년 6월 20일 00시,토요일,부산광역시 부산진구 개금동,경상사고,0,0,1,0,차대차 - 추돌,안전운전불이행,건조,맑음,교차로 - 교차로부근,승용,남,40세,상해없음,승용,남,30세,경상
음주운전,2020062000100005,2020년 6월 20일 00시,토요일,부산광역시 사하구 다대동,중상사고,0,1,0,0,차량단독 - 기타,안전운전불이행,건조,맑음,단일로 - 기타,원동기,남,39세,중상,,,,
음주운전,2020062000100036,2020년 6월 20일 02시,토요일,부산광역시 부산진구 전포동,중상사고,0,1,0,0,차량단독 - 공작물충돌,과속,건조,맑음,기타 - 기타,승용,남,33세,상해없음,,,,
음주운전,2020062000100102,2020년 6월 20일 08시,토요일,부산광역시 사상구 모라동,경상사고,0,0,1,0,차대차 - 후진중충돌,안전운전불이행,건조,맑음,단일로 - 기타,승용,남,60세,상해없음,승합,남,47세,상해없음
음주운전,2020062000100418,2020년 6월 20일 16시,토요일,부산광역시 영도구 동삼동,경상사고,0,0,1,0,차대차 - 추돌,안전운전불이행,건조,맑음,교차로 - 교차로부근,승용,여,41세,상해없음,승용,남,36세,상해없음
음주운전,2020062100100317,2020년 6월 21일 16시,일요일,부산광역시 사상구 주례동,경상사고,0,0,1,1,차대차 - 추돌,안전운전불이행,건조,맑음,단일로 - 기타,화물,남,59세,상해없음,승용,남,63세,경상
음주운전,2020062300100201,2020년 6월 23일 10시,화요일,부산광역시 해운대구 재송동,경상사고,0,0,1,1,차량단독 - 기타,안전운전불이행,건조,맑음,단일로 - 기타,이륜,남,22세,경상,,,,
음주운전,2020062300100245,2020년 6월 23일 11시,화요일,부산광역시 사상구 괘법동,중상사고,0,1,0,0,차대사람 - 횡단중,안전운전불이행,건조,맑음,기타 - 기타,화물,남,71세,상해없음,보행자,남,71세,중상
음주운전,2020062300100632,2020년 6월 23일 21시,화요일,부산광역시 사상구 모라동,중상사고,0,1,0,0,차대차 - 기타,안전운전불이행,건조,맑음,단일로 - 기타,이륜,남,60세,중상,승용,남,62세,기타불명
음주운전,2020062400100594,2020년 6월 24일 21시,수요일,부산광역시 연제구 연산동,중상사고,0,1,0,0,차대사람 - 기타,안전운전불이행,건조,흐림,단일로 - 기타,승용,남,54세,상해없음,보행자,남,51세,중상