사고부문,사고번호,사고일시,요일,시군구,사고내용,사망자수,중상자수,경상자수,부상신고자수,사고유형,법규위반,노면상태,기상상태,도로형태,가해운전자 차종,가해운전자 성별,가해운전자 연령,가해운전자 상해정도,피해운전자 차종,피해운전자 성별,피해운전자 연령,피해운전자 상해정도
음주운전,2020062500100083,2020년 6월 25일 06시,목요일,부산광역시 금정구 노포동,경상사고,0,0,1,0,차대차 - 추돌,안전운전불이행,젖음/습기,비,교차로 - 교차로부근,승용,남,36세,상해없음,화물,여,58세,경상
음주운전,2020062600100008,2020년 6월 26일 00시,금요일,부산광역시 사상구 주례동,경상사고,0,0,1,0,차대차 - 측면충돌,안전운전불이행,건조,맑음,단일로 - 기타,승용,남,31세,경상,화물,기타불명,미분류,기타불명
음주운전,2020062700100092,2020년 6월 27일 06시,토요일,부산광역시 부산진구 부전동,부상신고사고,0,0,0,1,차대차 - 측면충돌,안전운전불이행,건조,맑음,교차로 - 교차로부근,자전거,남,28세,상해없음,자전거,남,85세,부상신고
음주운전,2020062700100156,2020년 6월 27일 10시,토요일,부산광역시 부산진구 개금동,경상사고,0,0,2,0,차대차 - 측면충돌,안전운전불이행,건조,맑음,단일로 - 기타,승용,남,28세,상해없음,승용,남,61세,경상
음주운전,2020062800100019,2020년 6월 28일 01시,일요일,부산광역시 해운대구 우동,경상사고,0,0,1,0,차대차 - 추돌,안전거리미확보,건조,맑음,단일로 - 기타,승용,남,22세,상해없음,승용,남,40세,경상
음주운전,2.02006E+15,2020년 6월 28일 01시,일요일,부산광역시 사하구 신평동,중상사고,0,1,0,0,차량단독 - 전도전복 - 전도,안전운전불이행,건조,맑음,단일로 - 지하차도(도로)내,승용,남,20세,상해없음,,,,
음주운전,2020062900100617,2020년 6월 29일 22시,월요일,부산광역시 부산진구 부암동,중상사고,0,1,0,0,차대차 - 추돌,안전운전불이행,젖음/습기,비,교차로 - 교차로부근,승용,남,30세,상해없음,승용,남,43세,중상
음주운전,2020062900100618,2020년 6월 29일 22시,월요일,부산광역시 사상구 덕포동,경상사고,0,0,1,0,차대차 - 측면충돌,안전운전불이행,젖음/습기,비,단일로 - 기타,승용,남,53세,상해없음,승용,남,41세,상해없음
음주운전,2020062900100619,2020년 6월 29일 22시,월요일,부산광역시 사상구 학장동,경상사고,0,0,1,0,차대차 - 측면충돌,중앙선침범,젖음/습기,비,단일로 - 기타,승용,여,40세,상해없음,승용,여,38세,경상
음주운전,2020062900100653,2020년 6월 29일 23시,월요일,부산광역시 금정구 금사동,경상사고,0,0,4,0,차대차 - 기타,안전운전불이행,젖음/습기,비,교차로 - 교차로안,승용,남,52세,상해없음,승용,남,59세,경상
음주운전,2020062900100654,2020년 6월 29일 23시,월요일,부산광역시 기장군 정관읍,경상사고,0,0,4,0,차대차 - 추돌,안전운전불이행,젖음/습기,비,교차로 - 교차로부근,승용,남,48세,상해없음,승용,남,60세,경상
음주운전,2020063000100079,2020년 6월 30일 07시,화요일,부산광역시 사상구 주례동,경상사고,0,0,1,0,차대차 - 추돌,안전운전불이행,젖음/습기,비,단일로 - 지하차도(도로)내,승용,남,24세,상해없음,승용,남,59세,경상
음주운전,2020063000100537,2020년 6월 30일 21시,화요일,부산광역시 기장군 철마면,경상사고,0,0,2,0,차대차 - 기타,안전운전불이행,건조,기타,단일로 - 기타,화물,남,64세,상해없음,승용,여,44세,경상
음주운전,2020070100100006,2020년 7월 1일 00시,수요일,부산광역시 기장군 일광면,경상사고,0,0,1,0,차대차 - 기타,신호위반,건조,맑음,교차로 - 교차로안,승용,남,38세,상해없음,승용,남,20세,경상
음주운전,2020070100100073,2020년 7월 1일 07시,수요일,부산광역시 해운대구 우동,경상사고,0,0,1,0,차대차 - 추돌,안전운전불이행,젖음/습기,비,단일로 - 기타,이륜,남,22세,경상,승용,여,30세,상해없음
음주운전,2020070100100074,2020년 7월 1일 07시,수요일,부산광역시 부산진구 개금동,중상사고,0,1,0,0,차량단독 - 전도전복 - 전도,안전운전불이행,건조,맑음,단일로 - 기타,이륜,남,20세,상해없음,,,,
음주운전,2020070200100022,2020년 7월 2일 02시,목요일,부산광역시 남구 문현동,경상사고,0,0,1,1,차대차 - 정면충돌,신호위반,해빙,맑음,단일로 - 고가도로위,승용,남,29세,상해없음,승용,남,57세,부상신고
음주운전,2020070200100036,2020년 7월 2일 05시,목요일,부산광역시 부산진구 부전동,경상사고,0,0,1,0,차대차 - 측면충돌,신호위반,건조,맑음,단일로 - 기타,승용,남,26세,상해없음,승용,남,68세,경상
음주운전,2.02007E+15,2020년 7월 2일 18시,목요일,부산광역시 해운대구 우동,경상사고,0,0,1,0,차대차 - 추돌,안전운전불이행,건조,맑음,단일로 - 기타,승용,남,35세,상해없음,승용,남,62세,경상
음주운전,2020070200100555,2020년 7월 2일 21시,목요일,부산광역시 동래구 명장동,경상사고,0,0,1,0,차대차 - 추돌,안전운전불이행,건조,맑음,단일로 - 기타,승용,남,25세,상해없음,승용,남,33세,경상
음주운전,2020070300100041,2020년 7월 3일 03시,금요일,부산광역시 부산진구 개금동,중상사고,0,1,0,0,차대차 - 추돌,안전운전불이행,건조,기타,단일로 - 고가도로위,승용,남,36세,기타불명,승용,남,48세,중상
음주운전,2020070300100206,2020년 7월 3일 11시,금요일,부산광역시 동구 범일동,경상사고,0,0,2,0,차대차 - 측면충돌,안전운전불이행,건조,맑음,교차로 - 교차로안,화물,남,51세,상해없음,승용,남,61세,경상
음주운전,2020070400100113,2020년 7월 4일 06시,토요일,부산광역시 부산진구 가야동,경상사고,0,0,1,0,차대차 - 측면충돌,신호위반,건조,맑음,교차로 - 교차로안,승용,남,47세,상해없음,승용,여,25세,경상
음주운전,2020070400100114,2020년 7월 4일 06시,토요일,부산광역시 강서구 봉림동,중상사고,0,1,0,0,차대차 - 추돌,안전거리미확보,건조,맑음,교차로 - 교차로안,승용,여,32세,상해없음,승용,남,48세,중상
음주운전,2020070400100492,2020년 7월 4일 18시,토요일,부산광역시 부산진구 가야동,부상신고사고,0,0,0,1,차대차 - 측면충돌,중앙선침범,젖음/습기,비,단일로 - 기타,승용,남,28세,상해없음,이륜,남,30세,부상신고
음주운전,2.02007E+15,2020년 7월 4일 19시,토요일,부산광역시 부산진구 양정동,경상사고,0,0,2,0,차대차 - 추돌,안전운전불이행,건조,맑음,단일로 - 기타,승용,남,50세,상해없음,화물,남,64세,경상
음주운전,2.02007E+15,2020년 7월 5일 01시,일요일,부산광역시 수영구 남천동,경상사고,0,0,2,0,차대차 - 측면충돌,안전운전불이행,건조,맑음,단일로 - 기타,승용,남,28세,상해없음,승용,남,62세,경상
음주운전,2020070600100124,2020년 7월 6일 09시,월요일,부산광역시 수영구 남천동,중상사고,0,1,0,0,차대차 - 기타,안전운전불이행,건조,맑음,단일로 - 기타,승용,남,54세,상해없음,승용,여,59세,중상
음주운전,2020070700100021,2020년 7월 7일 02시,화요일,부산광역시 사상구 학장동,부상신고사고,0,0,0,1,차량단독 - 공작물충돌,안전운전불이행,건조,맑음,단일로 - 기타,원동기,남,30세,부상신고,,,,
음주운전,2020070700100093,2020년 7월 7일 08시,화요일,부산광역시 해운대구 우동,경상사고,0,0,1,0,차대차 - 측면충돌,신호위반,건조,흐림,교차로 - 교차로안,승용,남,65세,상해없음,승용,남,31세,경상
음주운전,2020070700100543,2020년 7월 7일 21시,화요일,부산광역시 북구 화명동,경상사고,0,0,2,0,차대차 - 정면충돌,안전운전불이행,건조,맑음,단일로 - 지하차도(도로)내,승용,남,41세,상해없음,승용,남,66세,경상
음주운전,2020070700100545,2020년 7월 7일 21시,화요일,부산광역시 기장군 정관읍,경상사고,0,0,1,0,차대차 - 기타,안전운전불이행,건조,기타,단일로 - 기타,화물,남,52세,상해없음,승용,남,24세,경상
음주운전,2020070700100583,2020년 7월 7일 23시,화요일,부산광역시 사하구 당리동,부상신고사고,0,0,0,1,차대차 - 기타,안전운전불이행,건조,맑음,단일로 - 기타,승용,남,46세,부상신고,승용,남,26세,상해없음
음주운전,2020070800100093,2020년 7월 8일 08시,수요일,부산광역시 해운대구 우동,경상사고,0,0,2,0,차대차 - 기타,기타,건조,맑음,단일로 - 기타,승용,여,33세,상해없음,승용,남,52세,경상
음주운전,2020070900100005,2020년 7월 9일 00시,목요일,부산광역시 해운대구 반여동,경상사고,0,0,1,0,차대사람 - 기타,안전운전불이행,건조,맑음,단일로 - 기타,이륜,남,59세,상해없음,보행자,남,53세,경상
음주운전,2020070900100277,2020년 7월 9일 13시,목요일,부산광역시 북구 화명동,중상사고,0,1,0,0,차대차 - 정면충돌,안전운전불이행,건조,맑음,단일로 - 기타,승용,남,42세,상해없음,원동기,남,45세,중상
음주운전,2020071000100021,2020년 7월 10일 01시,금요일,부산광역시 남구 용호동,중상사고,0,1,1,0,차대차 - 추돌,안전운전불이행,젖음/습기,비,단일로 - 기타,승용,남,42세,상해없음,승용,남,57세,중상
음주운전,2020071000100379,2020년 7월 10일 16시,금요일,부산광역시 해운대구 반송동,경상사고,0,0,1,0,차대차 - 기타,중앙선침범,건조,흐림,교차로 - 교차로안,화물,남,25세,상해없음,승용,남,65세,경상
음주운전,2020071100100059,2020년 7월 11일 03시,토요일,부산광역시 강서구 신호동,중상사고,0,2,0,0,차대차 - 기타,안전운전불이행,건조,맑음,단일로 - 기타,승용,남,41세,중상,특수,남,57세,기타불명
음주운전,2020071100100294,2020년 7월 11일 13시,토요일,부산광역시 해운대구 반송동,경상사고,0,0,2,0,차대차 - 측면충돌,중앙선침범,건조,맑음,단일로 - 기타,화물,남,68세,상해없음,승용,남,33세,경상
음주운전,2020071100100626,2020년 7월 11일 23시,토요일,부산광역시 사하구 장림동,경상사고,0,0,2,0,차대차 - 측면충돌,안전거리미확보,건조,맑음,단일로 - 지하차도(도로)내,승용,남,38세,상해없음,승용,남,66세,경상
음주운전,2020071200100363,2020년 7월 12일 19시,일요일,부산광역시 사하구 다대동,경상사고,0,0,2,0,차대차 - 측면충돌,안전운전불이행,젖음/습기,비,교차로 - 교차로부근,화물,남,57세,상해없음,승용,여,67세,경상
음주운전,2020071200100512,2020년 7월 12일 23시,일요일,부산광역시 해운대구 석대동,경상사고,0,0,2,1,차대차 - 측면충돌,중앙선침범,젖음/습기,비,단일로 - 기타,승용,남,55세,부상신고,승용,남,25세,경상
음주운전,2020071300100424,2020년 7월 13일 18시,월요일,부산광역시 영도구 동삼동,경상사고,0,0,4,0,차대차 - 기타,중앙선침범,젖음/습기,비,단일로 - 기타,승용,남,47세,상해없음,승합,남,62세,경상
음주운전,2020071300100534,2020년 7월 13일 21시,월요일,부산광역시 서구 남부민동,중상사고,0,2,1,0,차대차 - 추돌,안전운전불이행,젖음/습기,비,교차로 - 교차로안,승용,남,51세,상해없음,승용,남,27세,경상
음주운전,2020071400100354,2020년 7월 14일 15시,화요일,부산광역시 남구 대연동,중상사고,0,1,0,0,차대사람 - 횡단중,안전운전불이행,젖음/습기,비,단일로 - 기타,승용,남,57세,상해없음,보행자,여,8세,중상
음주운전,2020071400100466,2020년 7월 14일 18시,화요일,부산광역시 수영구 남천동,경상사고,0,0,2,0,차대차 - 추돌,안전운전불이행,건조,맑음,단일로 - 기타,승용,남,54세,상해없음,승용,남,37세,경상
음주운전,2.02007E+15,2020년 7월 15일 03시,수요일,부산광역시 동래구 안락동,중상사고,0,1,0,0,차대사람 - 차도통행중,안전운전불이행,건조,맑음,단일로 - 기타,승용,남,31세,상해없음,보행자,남,66세,중상
음주운전,2020071600100019,2020년 7월 16일 01시,목요일,부산광역시 사하구 괴정동,경상사고,0,0,1,0,차대차 - 기타,안전운전불이행,건조,맑음,단일로 - 지하차도(도로)내,승용,남,39세,상해없음,이륜,남,40세,경상
음주운전,2020071600100036,2020년 7월 16일 03시,목요일,부산광역시 해운대구 재송동,경상사고,0,0,1,0,차대차 - 측면충돌,안전운전불이행,건조,맑음,단일로 - 기타,승용,남,33세,상해없음,승용,남,21세,경상
음주운전,2020071600100047,2020년 7월 16일 05시,목요일,부산광역시 부산진구 부전동,경상사고,0,0,1,0,차대차 - 추돌,안전운전불이행,건조,맑음,단일로 - 기타,승용,남,34세,상해없음,승용,남,65세,상해없음
음주운전,2020071600100545,2020년 7월 16일 19시,목요일,부산광역시 강서구 명지동,경상사고,0,0,1,0,차대차 - 추돌,안전운전불이행,건조,맑음,교차로 - 교차로부근,승용,여,38세,상해없음,승용,남,37세,경상
음주운전,2020071600100627,2020년 7월 16일 22시,목요일,부산광역시 부산진구 가야동,경상사고,0,0,2,0,차대차 - 측면충돌,신호위반,건조,흐림,교차로 - 교차로안,이륜,남,45세,경상,승용,남,27세,경상
음주운전,2020071700100032,2020년 7월 17일 04시,금요일,부산광역시 동래구 온천동,중상사고,0,1,2,0,차대차 - 정면충돌,중앙선침범,건조,맑음,단일로 - 기타,승용,여,23세,경상,승용,남,64세,중상
음주운전,2020071700100127,2020년 7월 17일 09시,금요일,부산광역시 해운대구 좌동,경상사고,0,0,1,0,차대차 - 기타,교차로운행방법위반,건조,맑음,교차로 - 교차로부근,승용,남,24세,상해없음,승용,여,58세,경상
음주운전,2020071700100589,2020년 7월 17일 20시,금요일,부산광역시 중구 중앙동4가,경상사고,0,0,3,0,차대차 - 추돌,안전운전불이행,건조,맑음,교차로 - 교차로부근,승용,남,26세,상해없음,승용,남,68세,경상
음주운전,2020071800100004,2020년 7월 18일 00시,토요일,부산광역시 수영구 수영동,경상사고,0,0,2,0,차대차 - 추돌,안전운전불이행,건조,흐림,교차로 - 교차로부근,승용,남,32세,상해없음,승용,남,19세,경상
음주운전,2020071800100035,2020년 7월 18일 02시,토요일,부산광역시 남구 대연동,경상사고,0,0,1,0,차대차 - 추돌,안전운전불이행,건조,맑음,단일로 - 기타,승용,남,34세,상해없음,승용,여,27세,경상
음주운전,2020071800100036,2020년 7월 18일 02시,토요일,부산광역시 부산진구 전포동,중상사고,0,1,2,1,차대차 - 기타,안전운전불이행,건조,기타,단일로 - 기타,이륜,남,27세,부상신고,승용,남,43세,중상
음주운전,2020071800100211,2020년 7월 18일 12시,토요일,부산광역시 동구 좌천동,경상사고,0,0,1,0,차대차 - 추돌,안전운전불이행,건조,맑음,단일로 - 기타,승용,남,45세,상해없음,승용,여,50세,경상
음주운전,2020071800100418,2020년 7월 18일 17시,토요일,부산광역시 동래구 사직동,부상신고사고,0,0,0,1,차대차 - 추돌,안전운전불이행,건조,맑음,단일로 - 기타,자전거,남,43세,부상신고,승용,남,29세,기타불명
음주운전,2020071900100068,2020년 7월 19일 05시,일요일,부산광역시 사하구 감천동,경상사고,0,0,2,0,차대차 - 추돌,안전운전불이행,건조,기타,단일로 - 지하차도(도로)내,승용,남,24세,상해없음,이륜,남,16세,경상
음주운전,2020071900100425,2020년 7월 19일 23시,일요일,부산광역시 부산진구 개금동,경상사고,0,0,1,0,차대사람 - 횡단중,안전운전불이행,건조,맑음,교차로 - 교차로안,승용,남,56세,상해없음,보행자,남,22세,경상
음주운전,2020072000100522,2020년 7월 20일 22시,월요일,부산광역시 해운대구 좌동,부상신고사고,0,0,0,1,차대차 - 기타,안전운전불이행,건조,흐림,기타 - 기타,이륜,남,75세,부상신고,승용,남,42세,상해없음
음주운전,2020072200100018,2020년 7월 22일 01시,수요일,부산광역시 연제구 연산동,중상사고,0,1,0,0,차대차 - 정면충돌,신호위반,건조,맑음,교차로 - 교차로안,특수,남,20세,상해없음,승용,남,35세,중상
음주운전,2020072200100039,2020년 7월 22일 03시,수요일,부산광역시 부산진구 가야동,경상사고,0,0,1,0,차대차 - 추돌,안전운전불이행,젖음/습기,비,교차로 - 교차로안,이륜,남,17세,경상,승용,남,70세,상해없음
음주운전,2020072200100048,2020년 7월 22일 04시,수요일,부산광역시 부산진구 부전동,경상사고,0,0,5,0,차대차 - 추돌,안전운전불이행,건조,맑음,단일로 - 기타,승용,남,37세,상해없음,승용,남,66세,경상
음주운전,2020072200100085,2020년 7월 22일 07시,수요일,부산광역시 사하구 장림동,중상사고,0,3,2,0,차대차 - 정면충돌,중앙선침범,젖음/습기,비,단일로 - 기타,승용,남,56세,상해없음,승용,남,33세,경상
음주운전,2020072200100595,2020년 7월 22일 21시,수요일,부산광역시 수영구 남천동,중상사고,0,1,0,0,차대차 - 측면충돌,안전운전불이행,젖음/습기,비,단일로 - 기타,승용,여,40세,상해없음,승용,여,48세,중상
음주운전,2020072200100655,2020년 7월 22일 23시,수요일,부산광역시 사상구 학장동,경상사고,0,0,4,0,차대차 - 추돌,안전운전불이행,건조,맑음,단일로 - 기타,승용,남,56세,상해없음,승용,남,43세,경상
음주운전,2020072300100476,2020년 7월 23일 19시,목요일,부산광역시 사하구 다대동,경상사고,0,0,1,1,차대차 - 추돌,안전운전불이행,젖음/습기,비,교차로 - 교차로부근,승용,남,54세,상해없음,승용,남,73세,경상
음주운전,2020072300100582,2020년 7월 23일 21시,목요일,부산광역시 영도구 청학동,경상사고,0,0,1,0,차대차 - 기타,신호위반,젖음/습기,비,교차로 - 교차로안,승용,남,25세,상해없음,특수,남,50세,경상
음주운전,2020072300100631,2020년 7월 23일 22시,목요일,부산광역시 북구 구포동,경상사고,0,0,2,0,차대차 - 추돌,안전운전불이행,젖음/습기,비,단일로 - 기타,이륜,남,55세,상해없음,승용,남,29세,경상
음주운전,2020072300100678,2020년 7월 23일 23시,목요일,부산광역시 부산진구 양정동,중상사고,0,1,1,0,차대차 - 정면충돌,신호위반,젖음/습기,비,교차로 - 교차로안,승용,남,55세,상해없음,승용,남,51세,경상
음주운전,2.02007E+15,2020년 7월 23일 23시,목요일,부산광역시 강서구 범방동,중상사고,0,1,0,0,차대차 - 추돌,안전운전불이행,젖음/습기,비,교차로 - 교차로부근,승용,남,60세,상해없음,승용,남,47세,중상
음주운전,2020072400100026,2020년 7월 24일 01시,금요일,부산광역시 금정구 구서동,중상사고,0,1,0,0,차대차 - 추돌,안전운전불이행,젖음/습기,비,단일로 - 기타,승용,남,47세,상해없음,승용,남,59세,중상
음주운전,2020072400100041,2020년 7월 24일 03시,금요일,부산광역시 부산진구 범천동,경상사고,0,0,2,0,차대차 - 추돌,안전운전불이행,건조,맑음,교차로 - 교차로부근,승용,남,28세,상해없음,승용,남,57세,경상
음주운전,2020072400100549,2020년 7월 24일 21시,금요일,부산광역시 사하구 신평동,중상사고,0,1,0,0,차대차 - 추돌,안전운전불이행,젖음/습기,비,교차로 - 교차로부근,승용,남,59세,상해없음,승용,남,26세,중상
음주운전,2020072400100632,2020년 7월 24일 23시,금요일,부산광역시 부산진구 당감동,경상사고,0,0,1,0,차량단독 - 공작물충돌,안전운전불이행,젖음/습기,비,기타 - 기타,승용,남,61세,경상,,,,
음주운전,2020072500100029,2020년 7월 25일 01시,토요일,부산광역시 금정구 부곡동,경상사고,0,0,1,0,차대차 - 후진중충돌,안전운전불이행,젖음/습기,비,단일로 - 기타,승용,남,49세,상해없음,승용,남,24세,상해없음
음주운전,2020072500100053,2020년 7월 25일 02시,토요일,부산광역시 서구 서대신동2가,경상사고,0,0,1,0,차대차 - 추돌,안전운전불이행,건조,맑음,교차로 - 교차로부근,승용,남,45세,상해없음,승용,남,69세,상해없음
음주운전,2020072500100102,2020년 7월 25일 06시,토요일,부산광역시 북구 구포동,경상사고,0,0,1,0,차대사람 - 기타,안전운전불이행,건조,맑음,교차로 - 교차로안,승용,남,59세,상해없음,보행자,여,50세,경상
음주운전,2020072500100126,2020년 7월 25일 08시,토요일,부산광역시 금정구 금사동,부상신고사고,0,0,0,1,차량단독 - 공작물충돌,안전운전불이행,건조,맑음,단일로 - 고가도로위,승용,남,26세,부상신고,,,,
음주운전,2.02007E+15,2020년 7월 26일 06시,일요일,부산광역시 해운대구 우동,경상사고,0,0,2,0,차대차 - 추돌,안전운전불이행,건조,맑음,단일로 - 기타,승용,남,24세,상해없음,승용,남,38세,경상
음주운전,2020072600100071,2020년 7월 26일 06시,일요일,부산광역시 기장군 일광면,중상사고,0,1,0,0,차대사람 - 기타,안전운전불이행,건조,맑음,교차로 - 교차로부근,승용,남,24세,상해없음,보행자,여,65세,중상
음주운전,2020072700100002,2020년 7월 27일 00시,월요일,부산광역시 서구 남부민동,경상사고,0,0,2,0,차대차 - 측면충돌,안전운전불이행,건조,맑음,단일로 - 기타,승용,남,40세,경상,승용,남,57세,경상
음주운전,2020072700100009,2020년 7월 27일 01시,월요일,부산광역시 동구 좌천동,부상신고사고,0,0,0,1,차량단독 - 기타,안전운전불이행,건조,흐림,단일로 - 기타,이륜,남,62세,부상신고,,,,
음주운전,2020072700100018,2020년 7월 27일 03시,월요일,부산광역시 동구 수정동,경상사고,0,0,1,0,차대차 - 측면충돌,중앙선침범,건조,맑음,단일로 - 기타,승용,남,33세,상해없음,승용,남,48세,경상
음주운전,2020072700100528,2020년 7월 27일 20시,월요일,부산광역시 금정구 구서동,중상사고,0,1,3,0,차대차 - 측면충돌,중앙선침범,젖음/습기,비,단일로 - 기타,화물,남,48세,상해없음,승용,남,42세,경상
음주운전,2020072700100588,2020년 7월 27일 22시,월요일,부산광역시 강서구 죽동동,경상사고,0,0,1,0,차대차 - 후진중충돌,안전운전불이행,젖음/습기,비,교차로 - 교차로부근,승용,남,40세,상해없음,승용,남,23세,경상
음주운전,2020072800100443,2020년 7월 28일 19시,화요일,부산광역시 해운대구 재송동,경상사고,0,0,1,0,차대차 - 추돌,안전운전불이행,젖음/습기,맑음,단일로 - 기타,승용,남,51세,상해없음,승용,남,55세,경상
음주운전,2020072800100575,2020년 7월 28일 23시,화요일,부산광역시 영도구 영선동3가,중상사고,0,1,0,0,차대차 - 추돌,안전운전불이행,젖음/습기,비,단일로 - 기타,승용,남,75세,상해없음,승용,남,57세,중상
음주운전,2020073000100039,2020년 7월 30일 02시,목요일,부산광역시 해운대구 우동,중상사고,0,1,0,0,차대차 - 측면충돌,안전운전불이행,젖음/습기,비,단일로 - 기타,승용,남,30세,상해없음,승용,남,53세,중상
음주운전,2020073000100597,2020년 7월 30일 23시,목요일,부산광역시 영도구 남항동1가,부상신고사고,0,0,0,1,차량단독 - 전도전복 - 전도,기타,젖음/습기,비,단일로 - 기타,이륜,남,27세,부상신고,,,,
음주운전,2.02008E+15,2020년 8월 1일 01시,토요일,부산광역시 사상구 학장동,부상신고사고,0,0,0,1,차대차 - 측면충돌,안전운전불이행,건조,맑음,단일로 - 기타,승용,여,60세,부상신고,승용,남,45세,기타불명
음주운전,2.02008E+15,2020년 8월 1일 03시,토요일,부산광역시 부산진구 전포동,부상신고사고,0,0,0,1,차량단독 - 전도전복 - 전도,안전운전불이행,건조,맑음,단일로 - 기타,이륜,남,33세,부상신고,,,,
음주운전,2.02008E+15,2020년 8월 1일 11시,토요일,부산광역시 부산진구 부전동,중상사고,0,1,1,0,차대차 - 측면충돌,중앙선침범,건조,맑음,단일로 - 기타,승용,남,25세,상해없음,승용,남,68세,경상
음주운전,2020080300100013,2020년 8월 3일 02시,월요일,부산광역시 남구 대연동,경상사고,0,0,1,0,차대차 - 측면충돌,안전운전불이행,건조,맑음,교차로 - 교차로부근,승용,남,40세,상해없음,승합,남,40세,경상
음주운전,2020080300100474,2020년 8월 3일 19시,월요일,부산광역시 동래구 명장동,중상사고,0,1,0,0,차대차 - 기타,안전운전불이행,건조,맑음,단일로 - 기타,승용,남,61세,상해없음,승용,남,50세,기타불명
음주운전,2020080300100505,2020년 8월 3일 20시,월요일,부산광역시 동래구 명장동,중상사고,0,1,0,0,차대차 - 기타,안전운전불이행,건조,맑음,단일로 - 기타,화물,남,49세,상해없음,승용,남,57세,중상
음주운전,2020080400100067,2020년 8월 4일 07시,화요일,부산광역시 부산진구 양정동,경상사고,0,0,1,0,차대차 - 추돌,안전운전불이행,건조,맑음,단일로 - 기타,승용,남,25세,상해없음,승용,남,45세,경상
음주운전,2020080500100017,2020년 8월 5일 01시,수요일,부산광역시 부산진구 전포동,경상사고,0,0,2,0,차대차 - 기타,안전운전불이행,건조,맑음,교차로 - 교차로부근,승용,남,23세,상해없음,승용,남,50세,경상
음주운전,2020080500100028,2020년 8월 5일 02시,수요일,부산광역시 해운대구 우동,중상사고,0,2,0,0,차량단독 - 공작물충돌,안전운전불이행,건조,맑음,단일로 - 기타,이륜,남,24세,중상,,,,
음주운전,2020080500100029,2020년 8월 5일 02시,수요일,부산광역시 기장군 정관읍,중상사고,0,1,0,0,차량단독 - 기타,안전운전불이행,건조,맑음,교차로 - 교차로부근,승용,남,19세,상해없음,,,,
음주운전,2020080500100436,2020년 8월 5일 19시,수요일,부산광역시 사하구 하단동,경상사고,0,0,1,0,차대차 - 측면충돌,신호위반,건조,맑음,교차로 - 교차로안,승용,남,51세,상해없음,승용,남,69세,경상
음주운전,2020080500100534,2020년 8월 5일 22시,수요일,부산광역시 금정구 부곡동,경상사고,0,0,1,0,차대차 - 추돌,안전운전불이행,건조,맑음,단일로 - 기타,승용,여,33세,상해없음,승용,남,44세,경상
음주운전,2020080500100535,2020년 8월 5일 22시,수요일,부산광역시 연제구 연산동,경상사고,0,0,1,0,차대차 - 추돌,안전운전불이행,건조,맑음,교차로 - 교차로부근,승용,남,64세,상해없음,승용,남,63세,경상
음주운전,2020080600100043,2020년 8월 6일 02시,목요일,부산광역시 동구 초량동,경상사고,0,0,1,0,차대차 - 측면충돌,안전운전불이행,건조,맑음,단일로 - 기타,승용,여,17세,상해없음,승용,남,61세,경상
음주운전,2020080600100527,2020년 8월 6일 21시,목요일,부산광역시 해운대구 반여동,부상신고사고,0,0,0,1,차량단독 - 공작물충돌,안전운전불이행,건조,맑음,교차로 - 교차로부근,이륜,남,67세,부상신고,,,,
음주운전,2020080700100009,2020년 8월 7일 00시,금요일,부산광역시 금정구 부곡동,중상사고,0,1,0,0,차량단독 - 도로외이탈 - 추락,안전운전불이행,건조,흐림,단일로 - 기타,화물,남,23세,상해없음,,,,
음주운전,2020080800100022,2020년 8월 8일 01시,토요일,부산광역시 금정구 서동,중상사고,0,1,0,0,차대차 - 기타,안전운전불이행,젖음/습기,비,교차로 - 교차로안,승용,여,30세,상해없음,승용,남,65세,중상
음주운전,2020080800100023,2020년 8월 8일 01시,토요일,부산광역시 연제구 연산동,경상사고,0,0,2,0,차대차 - 추돌,안전운전불이행,젖음/습기,비,단일로 - 기타,승용,남,36세,상해없음,승용,남,54세,경상
음주운전,2020080800100063,2020년 8월 8일 04시,토요일,부산광역시 기장군 일광면,중상사고,0,1,0,0,차대차 - 추돌,안전운전불이행,젖음/습기,비,단일로 - 기타,승용,남,23세,상해없음,승용,남,69세,중상