사고부문,사고번호,사고일시,요일,시군구,사고내용,사망자수,중상자수,경상자수,부상신고자수,사고유형,법규위반,노면상태,기상상태,도로형태,가해운전자 차종,가해운전자 성별,가해운전자 연령,가해운전자 상해정도,피해운전자 차종,피해운전자 성별,피해운전자 연령,피해운전자 상해정도
음주운전,2020080800100479,2020년 8월 8일 20시,토요일,부산광역시 영도구 청학동,경상사고,0,0,2,0,차대차 - 기타,안전거리미확보,젖음/습기,흐림,단일로 - 기타,승용,남,34세,상해없음,승용,여,42세,경상
음주운전,2020080900100004,2020년 8월 9일 00시,일요일,부산광역시 사하구 다대동,경상사고,0,0,1,0,차대차 - 측면충돌,안전운전불이행,건조,맑음,교차로 - 교차로부근,승용,남,34세,상해없음,승용,남,23세,경상
음주운전,2020080900100072,2020년 8월 9일 06시,일요일,부산광역시 사하구 다대동,경상사고,0,0,1,0,차대차 - 추돌,안전운전불이행,건조,흐림,교차로 - 교차로부근,승용,남,53세,상해없음,승용,남,60세,경상
음주운전,2020080900100198,2020년 8월 9일 14시,일요일,부산광역시 해운대구 좌동,경상사고,0,0,1,0,차대차 - 기타,안전운전불이행,젖음/습기,흐림,단일로 - 기타,승용,남,34세,상해없음,승용,여,42세,경상
음주운전,2020080900100248,2020년 8월 9일 16시,일요일,부산광역시 북구 만덕동,경상사고,0,0,1,0,차대차 - 측면충돌,안전운전불이행,건조,맑음,교차로 - 교차로안,화물,남,59세,상해없음,승용,여,42세,경상
음주운전,2020080900100284,2020년 8월 9일 17시,일요일,부산광역시 동구 좌천동,중상사고,0,1,0,0,차대차 - 기타,안전운전불이행,건조,흐림,단일로 - 기타,화물,남,57세,상해없음,승용,남,28세,중상
음주운전,2020080900100426,2020년 8월 9일 22시,일요일,부산광역시 북구 덕천동,경상사고,0,0,1,0,차대차 - 기타,안전운전불이행,젖음/습기,비,단일로 - 기타,사륜오토바이(ATV),남,53세,상해없음,승용,여,29세,경상
음주운전,2020081000100502,2020년 8월 10일 21시,월요일,부산광역시 해운대구 반여동,경상사고,0,0,2,0,차대차 - 추돌,안전운전불이행,젖음/습기,비,단일로 - 기타,승용,남,43세,상해없음,승용,남,43세,경상
음주운전,2020081100100025,2020년 8월 11일 01시,화요일,부산광역시 부산진구 범천동,경상사고,0,0,3,0,차대차 - 추돌,안전운전불이행,건조,맑음,단일로 - 기타,승용,남,27세,상해없음,승용,남,34세,상해없음
음주운전,2020081200100414,2020년 8월 12일 17시,수요일,부산광역시 사하구 다대동,경상사고,0,0,1,0,차량단독 - 전도전복 - 전도,안전운전불이행,젖음/습기,맑음,단일로 - 기타,이륜,남,39세,경상,,,,
음주운전,2020081200100608,2020년 8월 12일 23시,수요일,부산광역시 부산진구 당감동,경상사고,0,0,1,0,차대사람 - 횡단중,보행자보호의무위반,건조,맑음,단일로 - 지하차도(도로)내,이륜,남,58세,상해없음,보행자,여,27세,경상
음주운전,2020081200100609,2020년 8월 12일 23시,수요일,부산광역시 사상구 덕포동,중상사고,0,1,0,0,차대차 - 정면충돌,신호위반,건조,맑음,교차로 - 교차로안,승용,남,32세,상해없음,이륜,남,23세,중상
음주운전,2020081300100002,2020년 8월 13일 00시,목요일,부산광역시 사상구 덕포동,경상사고,0,0,1,0,차대차 - 추돌,안전운전불이행,건조,맑음,단일로 - 기타,승용,남,32세,상해없음,승용,남,59세,경상
음주운전,2.02008E+15,2020년 8월 13일 04시,목요일,부산광역시 중구 보수동2가,부상신고사고,0,0,0,1,차대차 - 추돌,안전운전불이행,건조,맑음,단일로 - 기타,이륜,남,29세,부상신고,승용,남,29세,상해없음
음주운전,2020081300100031,2020년 8월 13일 04시,목요일,부산광역시 남구 대연동,중상사고,0,1,0,0,차대차 - 정면충돌,신호위반,건조,흐림,단일로 - 기타,승용,여,34세,상해없음,승용,여,37세,중상
음주운전,2020081300100035,2020년 8월 13일 05시,목요일,부산광역시 부산진구 부전동,중상사고,0,1,0,0,차량단독 - 전도전복 - 전도,안전운전불이행,건조,맑음,단일로 - 기타,이륜,남,25세,중상,,,,
음주운전,2020081300100365,2020년 8월 13일 16시,목요일,부산광역시 북구 덕천동,중상사고,0,1,2,0,차대차 - 추돌,안전운전불이행,건조,맑음,교차로 - 교차로부근,화물,남,60세,상해없음,승용,남,26세,경상
음주운전,2020081400100007,2020년 8월 14일 00시,금요일,부산광역시 해운대구 반여동,부상신고사고,0,0,0,1,차량단독 - 공작물충돌,안전운전불이행,건조,맑음,단일로 - 기타,승용,남,47세,부상신고,,,,
음주운전,2020081400100009,2020년 8월 14일 00시,금요일,부산광역시 강서구 송정동,경상사고,0,0,1,0,차대차 - 추돌,안전운전불이행,건조,맑음,교차로 - 교차로부근,승용,여,39세,기타불명,승용,남,38세,경상
음주운전,2020081400100255,2020년 8월 14일 12시,금요일,부산광역시 연제구 연산동,경상사고,0,0,3,0,차대차 - 추돌,안전운전불이행,건조,맑음,교차로 - 교차로부근,화물,남,59세,상해없음,승용,남,48세,경상
음주운전,2020081500100063,2020년 8월 15일 03시,토요일,부산광역시 사상구 감전동,중상사고,0,1,0,0,차대사람 - 차도통행중,안전운전불이행,건조,맑음,단일로 - 기타,승용,남,28세,상해없음,보행자,여,59세,중상
음주운전,2020081500100414,2020년 8월 15일 18시,토요일,부산광역시 연제구 연산동,중상사고,0,1,0,0,차대차 - 기타,신호위반,건조,맑음,교차로 - 교차로안,승용,여,54세,상해없음,승용,남,41세,중상
음주운전,2020081600100076,2020년 8월 16일 06시,일요일,부산광역시 남구 대연동,경상사고,0,0,2,0,차대차 - 측면충돌,안전운전불이행,건조,맑음,교차로 - 교차로안,승용,남,62세,상해없음,승용,남,67세,경상
음주운전,2020081700100017,2020년 8월 17일 02시,월요일,부산광역시 부산진구 양정동,중상사고,0,1,2,1,차대차 - 기타,신호위반,건조,맑음,교차로 - 교차로안,이륜,남,25세,부상신고,승용,남,65세,중상
음주운전,2.02008E+15,2020년 8월 19일 02시,수요일,부산광역시 연제구 연산동,경상사고,0,0,2,0,차대차 - 측면충돌,안전거리미확보,건조,맑음,단일로 - 기타,화물,남,32세,상해없음,승용,남,23세,경상
음주운전,2020081900100048,2020년 8월 19일 06시,수요일,부산광역시 연제구 연산동,경상사고,0,0,1,0,차대차 - 측면충돌,안전운전불이행,건조,맑음,교차로 - 교차로부근,승용,남,23세,상해없음,화물,남,54세,경상
음주운전,2020082000100275,2020년 8월 20일 13시,목요일,부산광역시 남구 대연동,경상사고,0,0,1,0,차대차 - 추돌,안전운전불이행,건조,맑음,교차로 - 교차로안,승용,남,67세,상해없음,승용,여,57세,경상
음주운전,2020082000100623,2020년 8월 20일 23시,목요일,부산광역시 사상구 감전동,경상사고,0,0,2,0,차대차 - 추돌,안전운전불이행,건조,맑음,기타 - 기타,승용,남,66세,상해없음,승용,남,60세,경상
음주운전,2020082200100075,2020년 8월 22일 06시,토요일,부산광역시 북구 구포동,중상사고,0,3,0,0,차량단독 - 공작물충돌,안전운전불이행,건조,맑음,단일로 - 지하차도(도로)내,이륜,남,17세,중상,,,,
음주운전,2020082200100604,2020년 8월 22일 22시,토요일,부산광역시 해운대구 재송동,경상사고,0,0,1,0,차대차 - 추돌,안전운전불이행,건조,맑음,단일로 - 교량,승용,남,30세,상해없음,승용,여,54세,경상
음주운전,2020082300100003,2020년 8월 23일 00시,일요일,부산광역시 기장군 일광면,중상사고,0,1,0,0,차대차 - 측면충돌,교차로운행방법위반,건조,맑음,교차로 - 교차로안,승용,남,33세,상해없음,자전거,남,27세,중상
음주운전,2020082300100055,2020년 8월 23일 04시,일요일,부산광역시 금정구 회동동,중상사고,0,2,0,0,차대차 - 기타,교차로운행방법위반,건조,맑음,교차로 - 교차로안,승용,남,27세,상해없음,이륜,남,17세,중상
음주운전,2020082300100056,2020년 8월 23일 04시,일요일,부산광역시 금정구 구서동,경상사고,0,0,2,0,차대차 - 측면충돌,안전운전불이행,건조,맑음,기타 - 기타,이륜,남,33세,경상,승용,남,62세,경상
음주운전,2020082300100065,2020년 8월 23일 05시,일요일,부산광역시 동래구 수안동,부상신고사고,0,0,0,1,차대차 - 추돌,안전운전불이행,건조,맑음,교차로 - 교차로안,이륜,남,26세,부상신고,승용,남,63세,상해없음
음주운전,2020082300100169,2020년 8월 23일 13시,일요일,부산광역시 강서구 송정동,경상사고,0,0,1,0,차대차 - 추돌,안전운전불이행,건조,맑음,단일로 - 기타,승용,남,66세,상해없음,승용,남,46세,경상
음주운전,2020082300100448,2020년 8월 23일 23시,일요일,부산광역시 부산진구 가야동,부상신고사고,0,0,0,1,차량단독 - 전도전복 - 전도,안전운전불이행,건조,맑음,기타 - 기타,개인형이동수단(PM),남,24세,부상신고,,,,
음주운전,2020082400100004,2020년 8월 24일 00시,월요일,부산광역시 남구 문현동,경상사고,0,0,1,0,차대차 - 추돌,안전운전불이행,건조,맑음,단일로 - 기타,승용,여,47세,상해없음,승용,남,65세,경상
음주운전,2.02008E+15,2020년 8월 24일 15시,월요일,부산광역시 금정구 부곡동,경상사고,0,0,1,0,차대차 - 기타,안전운전불이행,건조,맑음,교차로 - 교차로안,승용,남,45세,상해없음,승용,여,53세,경상
음주운전,2020082500100632,2020년 8월 25일 22시,화요일,부산광역시 사하구 괴정동,경상사고,0,0,1,0,차대차 - 추돌,안전운전불이행,건조,맑음,단일로 - 기타,승용,여,23세,상해없음,승용,남,63세,경상
음주운전,2020082600100018,2020년 8월 26일 02시,수요일,부산광역시 기장군 철마면,경상사고,0,0,3,0,차대차 - 측면충돌,안전운전불이행,건조,맑음,단일로 - 기타,승용,남,28세,상해없음,승용,남,57세,경상
음주운전,2020082600100059,2020년 8월 26일 07시,수요일,부산광역시 기장군 기장읍,중상사고,0,1,2,0,차대차 - 정면충돌,중앙선침범,건조,맑음,교차로 - 교차로부근,승용,남,24세,상해없음,승용,남,56세,경상
음주운전,2020082600100542,2020년 8월 26일 23시,수요일,부산광역시 서구 토성동1가,경상사고,0,0,1,0,차대차 - 측면충돌,중앙선침범,건조,맑음,교차로 - 교차로부근,승용,남,28세,상해없음,승용,남,40세,경상
음주운전,2020082700100029,2020년 8월 27일 04시,목요일,부산광역시 북구 구포동,경상사고,0,0,1,0,차대사람 - 기타,안전운전불이행,젖음/습기,비,교차로 - 교차로부근,이륜,남,48세,상해없음,보행자,여,56세,경상
음주운전,2020082700100301,2020년 8월 27일 15시,목요일,부산광역시 수영구 수영동,경상사고,0,0,1,0,차대차 - 추돌,안전운전불이행,건조,맑음,단일로 - 기타,화물,남,52세,상해없음,승용,남,45세,상해없음
음주운전,2020082700100536,2020년 8월 27일 22시,목요일,부산광역시 동래구 안락동,경상사고,0,0,2,0,차대차 - 추돌,안전운전불이행,건조,맑음,단일로 - 기타,승용,여,46세,상해없음,승용,남,35세,경상
음주운전,2020082700100556,2020년 8월 27일 23시,목요일,부산광역시 강서구 명지동,중상사고,0,1,0,0,차대차 - 추돌,신호위반,건조,맑음,교차로 - 교차로안,승용,남,32세,상해없음,이륜,남,41세,중상
음주운전,2020082800100004,2020년 8월 28일 00시,금요일,부산광역시 강서구 명지동,중상사고,0,1,0,0,차대차 - 기타,안전운전불이행,건조,맑음,교차로 - 교차로안,승용,남,21세,상해없음,이륜,남,25세,중상
음주운전,2020082800100035,2020년 8월 28일 03시,금요일,부산광역시 사하구 하단동,경상사고,0,0,1,0,차대차 - 기타,신호위반,건조,맑음,단일로 - 기타,승용,남,24세,상해없음,승용,남,58세,경상
음주운전,2020082900100023,2020년 8월 29일 01시,토요일,부산광역시 강서구 명지동,중상사고,0,2,0,0,차대사람 - 기타,안전운전불이행,젖음/습기,비,단일로 - 기타,승용,여,47세,상해없음,보행자,여,25세,중상
음주운전,2020082900100038,2020년 8월 29일 02시,토요일,부산광역시 사하구 하단동,부상신고사고,0,0,0,1,차대차 - 기타,안전운전불이행,젖음/습기,비,단일로 - 기타,이륜,남,26세,부상신고,화물,남,53세,상해없음
음주운전,2020082900100156,2020년 8월 29일 10시,토요일,부산광역시 기장군 장안읍,중상사고,0,1,1,0,차대차 - 측면충돌,안전운전불이행,건조,맑음,단일로 - 기타,건설기계,남,45세,상해없음,승용,남,45세,중상
음주운전,2020083000100143,2020년 8월 30일 12시,일요일,부산광역시 연제구 연산동,중상사고,0,1,0,0,차대차 - 기타,교차로운행방법위반,건조,맑음,교차로 - 교차로안,승용,남,62세,상해없음,자전거,남,22세,중상
음주운전,2020083100100025,2020년 8월 31일 03시,월요일,부산광역시 해운대구 반여동,경상사고,0,0,1,0,차대차 - 후진중충돌,안전운전불이행,건조,맑음,단일로 - 기타,승용,남,26세,상해없음,승용,남,35세,경상
음주운전,2020083100100075,2020년 8월 31일 08시,월요일,부산광역시 연제구 연산동,중상사고,0,1,1,0,차대차 - 추돌,안전운전불이행,건조,맑음,단일로 - 기타,승용,남,33세,상해없음,승용,남,64세,중상
음주운전,2020090100100477,2020년 9월 1일 20시,화요일,부산광역시 부산진구 범천동,중상사고,0,1,0,0,차대차 - 추돌,안전운전불이행,건조,맑음,단일로 - 기타,이륜,남,39세,중상,승용,남,48세,상해없음
음주운전,2020090100100478,2020년 9월 1일 20시,화요일,부산광역시 수영구 망미동,경상사고,0,0,4,0,차대차 - 추돌,안전운전불이행,건조,흐림,단일로 - 기타,승용,남,54세,상해없음,승용,남,24세,경상
음주운전,2.02009E+15,2020년 9월 2일 13시,수요일,부산광역시 북구 덕천동,경상사고,0,0,2,0,차대차 - 기타,안전운전불이행,건조,맑음,단일로 - 기타,승용,남,43세,상해없음,승용,남,59세,경상
음주운전,2020090200100271,2020년 9월 2일 16시,수요일,부산광역시 북구 구포동,경상사고,0,0,1,0,차대차 - 추돌,차로위반,젖음/습기,비,기타 - 기타,승용,남,46세,상해없음,승용,여,57세,경상
음주운전,2020090200100341,2020년 9월 2일 18시,수요일,부산광역시 해운대구 좌동,경상사고,0,0,1,0,차대차 - 측면충돌,신호위반,젖음/습기,흐림,교차로 - 교차로안,승용,여,40세,상해없음,승용,여,47세,경상
음주운전,2020090300100003,2020년 9월 3일 00시,목요일,부산광역시 기장군 철마면,경상사고,0,0,2,0,차대차 - 추돌,안전운전불이행,젖음/습기,비,교차로 - 교차로부근,승용,남,29세,상해없음,승용,남,65세,경상
음주운전,2020090400100027,2020년 9월 4일 04시,금요일,부산광역시 남구 대연동,부상신고사고,0,0,0,1,차량단독 - 기타,안전운전불이행,건조,맑음,단일로 - 기타,이륜,남,35세,부상신고,,,,
음주운전,2020090400100249,2020년 9월 4일 13시,금요일,부산광역시 동구 좌천동,경상사고,0,0,1,0,차대차 - 측면충돌,안전운전불이행,건조,맑음,단일로 - 기타,승용,남,51세,상해없음,승용,남,60세,경상
음주운전,2020090500100026,2020년 9월 5일 02시,토요일,부산광역시 사하구 하단동,중상사고,0,2,1,0,차대차 - 정면충돌,신호위반,건조,기타,교차로 - 교차로안,승용,여,28세,경상,승용,남,63세,중상
음주운전,2020090500100033,2020년 9월 5일 03시,토요일,부산광역시 금정구 서동,중상사고,0,1,0,0,차량단독 - 전도전복 - 전도,안전운전불이행,기타,흐림,단일로 - 기타,이륜,남,24세,상해없음,,,,
음주운전,2020090500100328,2020년 9월 5일 16시,토요일,부산광역시 영도구 동삼동,경상사고,0,0,1,0,차대차 - 측면충돌,안전운전불이행,젖음/습기,비,교차로 - 교차로부근,승용,남,64세,상해없음,승용,여,52세,경상
음주운전,2020090500100539,2020년 9월 5일 22시,토요일,부산광역시 수영구 광안동,경상사고,0,0,1,0,차대차 - 추돌,안전운전불이행,젖음/습기,비,단일로 - 기타,승용,남,34세,상해없음,이륜,남,25세,경상
음주운전,2020090600100328,2020년 9월 6일 20시,일요일,부산광역시 수영구 남천동,경상사고,0,0,1,0,차대차 - 측면충돌,안전운전불이행,젖음/습기,비,단일로 - 기타,화물,남,55세,상해없음,승용,남,56세,상해없음
음주운전,2020090600100387,2020년 9월 6일 22시,일요일,부산광역시 동래구 안락동,중상사고,0,1,0,0,차대차 - 추돌,안전운전불이행,젖음/습기,비,단일로 - 기타,승용,남,49세,상해없음,승용,여,60세,중상
음주운전,2020090800100018,2020년 9월 8일 01시,화요일,부산광역시 부산진구 양정동,경상사고,0,0,1,0,차대차 - 측면충돌,안전운전불이행,건조,맑음,교차로 - 교차로부근,승용,남,26세,상해없음,승용,남,23세,경상
음주운전,2020090800100034,2020년 9월 8일 05시,화요일,부산광역시 부산진구 부전동,중상사고,0,1,0,0,차대차 - 측면충돌,안전운전불이행,건조,맑음,교차로 - 교차로안,승용,남,40세,상해없음,이륜,남,43세,중상
음주운전,2020090800100602,2020년 9월 8일 22시,화요일,부산광역시 강서구 송정동,경상사고,0,0,2,0,차대차 - 추돌,안전운전불이행,건조,맑음,교차로 - 교차로부근,승용,남,30세,상해없음,승용,남,58세,경상
음주운전,2020090900100527,2020년 9월 9일 22시,수요일,부산광역시 부산진구 당감동,경상사고,0,0,2,0,차대차 - 추돌,안전운전불이행,건조,맑음,교차로 - 교차로부근,승용,남,40세,상해없음,승용,남,44세,경상
음주운전,2.02009E+15,2020년 9월 10일 01시,목요일,부산광역시 남구 대연동,중상사고,0,1,0,0,차대차 - 측면충돌,안전운전불이행,건조,맑음,교차로 - 교차로안,승용,남,23세,상해없음,자전거,남,34세,중상
음주운전,2020091200100004,2020년 9월 12일 00시,토요일,부산광역시 동래구 안락동,경상사고,0,0,1,0,차대차 - 추돌,안전운전불이행,젖음/습기,비,단일로 - 기타,승용,남,28세,상해없음,승용,남,54세,상해없음
음주운전,2020091200100029,2020년 9월 12일 01시,토요일,부산광역시 부산진구 전포동,경상사고,0,0,3,0,차대차 - 추돌,안전운전불이행,젖음/습기,비,단일로 - 기타,승용,여,30세,상해없음,승용,남,64세,경상
음주운전,2020091200100045,2020년 9월 12일 02시,토요일,부산광역시 북구 화명동,경상사고,0,0,1,0,차대차 - 추돌,안전운전불이행,젖음/습기,비,교차로 - 교차로부근,승용,남,27세,상해없음,승용,남,38세,경상
음주운전,2020091200100086,2020년 9월 12일 06시,토요일,부산광역시 해운대구 반여동,중상사고,0,1,0,0,차량단독 - 기타,안전운전불이행,건조,흐림,기타 - 기타,승용,남,21세,상해없음,,,,
음주운전,2020091300100121,2020년 9월 13일 11시,일요일,부산광역시 부산진구 당감동,부상신고사고,0,0,0,1,차량단독 - 전도전복 - 전도,안전운전불이행,건조,기타,단일로 - 기타,이륜,남,62세,부상신고,,,,
음주운전,2020091300100478,2020년 9월 13일 23시,일요일,부산광역시 북구 만덕동,경상사고,0,0,1,0,차대차 - 기타,안전거리미확보,건조,맑음,단일로 - 기타,화물,남,38세,상해없음,승용,남,72세,경상
음주운전,2.02009E+15,2020년 9월 14일 02시,월요일,부산광역시 기장군 기장읍,경상사고,0,0,1,0,차대차 - 추돌,안전운전불이행,건조,맑음,교차로 - 교차로부근,승용,남,44세,기타불명,건설기계,남,68세,경상
음주운전,2020091500100004,2020년 9월 15일 00시,화요일,부산광역시 북구 화명동,경상사고,0,0,1,0,차량단독 - 기타,안전운전불이행,건조,맑음,단일로 - 기타,개인형이동수단(PM),남,50세,경상,,,,
음주운전,2020091500100437,2020년 9월 15일 18시,화요일,부산광역시 사상구 엄궁동,경상사고,0,0,2,0,차대차 - 추돌,안전운전불이행,건조,맑음,단일로 - 기타,승용,여,49세,상해없음,승용,남,44세,경상
음주운전,2020091500100571,2020년 9월 15일 23시,화요일,부산광역시 수영구 광안동,중상사고,0,1,0,0,차대차 - 추돌,신호위반,건조,맑음,교차로 - 교차로안,승용,남,33세,상해없음,이륜,남,38세,중상
음주운전,2020091500100572,2020년 9월 15일 23시,화요일,부산광역시 수영구 광안동,경상사고,0,0,1,0,차대차 - 측면충돌,안전운전불이행,건조,맑음,교차로 - 교차로안,승용,남,59세,상해없음,승용,남,24세,경상
음주운전,2020091500100573,2020년 9월 15일 23시,화요일,부산광역시 북구 화명동,경상사고,0,0,1,0,차대차 - 추돌,안전운전불이행,건조,맑음,교차로 - 교차로부근,승용,남,59세,상해없음,승용,남,50세,경상
음주운전,2020091500100574,2020년 9월 15일 23시,화요일,부산광역시 사하구 다대동,경상사고,0,0,4,0,차대차 - 추돌,안전운전불이행,건조,맑음,단일로 - 기타,승용,여,28세,상해없음,승용,여,26세,경상
음주운전,2020091700100036,2020년 9월 17일 05시,목요일,부산광역시 동래구 온천동,경상사고,0,0,1,1,차대차 - 측면충돌,안전운전불이행,건조,맑음,단일로 - 기타,승용,남,49세,상해없음,승용,남,30세,경상
음주운전,2020091700100037,2020년 9월 17일 05시,목요일,부산광역시 기장군 기장읍,경상사고,0,0,1,0,차대차 - 기타,안전운전불이행,건조,맑음,교차로 - 교차로안,이륜,남,56세,상해없음,승용,남,62세,경상
음주운전,2020091700100528,2020년 9월 17일 21시,목요일,부산광역시 동래구 수안동,중상사고,0,2,0,0,차대차 - 측면충돌,중앙선침범,건조,맑음,단일로 - 기타,승용,남,37세,상해없음,승용,남,68세,중상
음주운전,2.02009E+15,2020년 9월 19일 01시,토요일,부산광역시 부산진구 부전동,경상사고,0,0,1,0,차대차 - 측면충돌,안전거리미확보,건조,맑음,단일로 - 기타,승용,남,31세,상해없음,승용,여,21세,경상
음주운전,2020092000100046,2020년 9월 20일 03시,일요일,부산광역시 부산진구 양정동,중상사고,0,1,0,0,차대차 - 추돌,안전운전불이행,건조,맑음,단일로 - 기타,승용,여,28세,상해없음,승용,남,61세,중상
음주운전,2020092000100053,2020년 9월 20일 04시,일요일,부산광역시 사하구 감천동,중상사고,0,1,1,0,차대차 - 기타,안전운전불이행,건조,맑음,교차로 - 교차로부근,이륜,남,25세,중상,승용,남,60세,경상
음주운전,2020092000100095,2020년 9월 20일 08시,일요일,부산광역시 동구 범일동,경상사고,0,0,1,0,차대차 - 기타,안전운전불이행,건조,맑음,단일로 - 기타,승용,남,23세,상해없음,승합,남,42세,경상
음주운전,2020092000100212,2020년 9월 20일 13시,일요일,부산광역시 기장군 정관읍,경상사고,0,0,2,0,차대차 - 후진중충돌,안전운전불이행,건조,맑음,단일로 - 기타,승용,남,57세,상해없음,승용,남,33세,경상
음주운전,2020092100100067,2020년 9월 21일 07시,월요일,부산광역시 금정구 구서동,경상사고,0,0,1,0,차대차 - 추돌,안전운전불이행,건조,맑음,단일로 - 기타,승용,여,47세,기타불명,승용,남,63세,경상
음주운전,2020092200100302,2020년 9월 22일 13시,화요일,부산광역시 북구 화명동,중상사고,0,1,0,1,차대차 - 기타,신호위반,건조,맑음,교차로 - 교차로안,이륜,남,18세,부상신고,승용,남,52세,상해없음
음주운전,2020092300100004,2020년 9월 23일 00시,수요일,부산광역시 부산진구 양정동,경상사고,0,0,1,0,차대차 - 측면충돌,신호위반,건조,맑음,교차로 - 교차로안,승용,남,32세,상해없음,승용,남,47세,경상
음주운전,2020092300100023,2020년 9월 23일 02시,수요일,부산광역시 해운대구 우동,경상사고,0,0,3,0,차대차 - 측면충돌,교차로운행방법위반,건조,맑음,교차로 - 교차로부근,승용,남,28세,상해없음,승용,남,24세,경상
음주운전,2.02009E+15,2020년 9월 23일 03시,수요일,부산광역시 동구 좌천동,사망사고,1,1,0,0,차량단독 - 기타,안전운전불이행,건조,맑음,단일로 - 기타,이륜,남,19세,중상,,,,
음주운전,2020092300100638,2020년 9월 23일 23시,수요일,부산광역시 남구 대연동,부상신고사고,0,0,0,1,차대사람 - 기타,안전운전불이행,건조,맑음,단일로 - 기타,개인형이동수단(PM),여,27세,상해없음,보행자,남,19세,부상신고
음주운전,2020092400100071,2020년 9월 24일 07시,목요일,부산광역시 동래구 수안동,경상사고,0,0,2,0,차대차 - 추돌,안전운전불이행,건조,맑음,단일로 - 기타,승용,남,32세,상해없음,승용,남,59세,경상
음주운전,2.02009E+15,2020년 9월 24일 23시,목요일,부산광역시 기장군 장안읍,경상사고,0,0,2,0,차대차 - 측면충돌,중앙선침범,건조,맑음,단일로 - 기타,승용,여,59세,경상,승용,남,33세,경상
음주운전,2020092500100035,2020년 9월 25일 03시,금요일,부산광역시 북구 구포동,중상사고,0,1,0,0,차대차 - 기타,신호위반,건조,맑음,단일로 - 기타,원동기,남,23세,상해없음,승용,남,75세,중상
음주운전,2020092600100007,2020년 9월 26일 00시,토요일,부산광역시 북구 금곡동,경상사고,0,0,1,0,차대사람 - 기타,안전운전불이행,건조,맑음,단일로 - 지하차도(도로)내,승용,남,41세,상해없음,보행자,남,54세,경상
음주운전,2020092600100677,2020년 9월 26일 22시,토요일,부산광역시 사하구 괴정동,중상사고,0,1,0,0,차대사람 - 횡단중,안전운전불이행,건조,맑음,교차로 - 교차로안,승용,남,42세,상해없음,보행자,여,64세,중상
음주운전,2020092700100058,2020년 9월 27일 04시,일요일,부산광역시 부산진구 부전동,중상사고,0,2,4,0,차대사람 - 기타,안전운전불이행,건조,맑음,단일로 - 기타,승용,남,23세,상해없음,보행자,남,30세,중상
음주운전,2020092700100221,2020년 9월 27일 13시,일요일,부산광역시 수영구 민락동,경상사고,0,0,1,0,차대차 - 기타,안전거리미확보,건조,맑음,교차로 - 교차로안,승용,남,43세,상해없음,승용,여,56세,경상
음주운전,2.02009E+15,2020년 9월 29일 18시,화요일,부산광역시 연제구 연산동,경상사고,0,0,2,0,차대차 - 기타,안전거리미확보,건조,맑음,교차로 - 교차로횡단보도내,화물,남,54세,상해없음,승용,남,32세,경상
음주운전,2.02009E+15,2020년 9월 30일 15시,수요일,부산광역시 부산진구 전포동,경상사고,0,0,1,0,차대차 - 추돌,안전운전불이행,건조,맑음,교차로 - 교차로부근,승용,남,50세,상해없음,승용,여,39세,경상
음주운전,2020093000100496,2020년 9월 30일 22시,수요일,부산광역시 사하구 신평동,경상사고,0,0,1,0,차대차 - 측면충돌,안전운전불이행,건조,맑음,단일로 - 기타,승용,남,40세,상해없음,이륜,남,24세,경상
음주운전,2.0201E+15,2020년 10월 1일 06시,목요일,부산광역시 중구 중앙동6가,중상사고,0,1,0,0,차량단독 - 공작물충돌,안전운전불이행,건조,맑음,교차로 - 교차로부근,이륜,남,26세,중상,,,,
음주운전,2020100100100259,2020년 10월 1일 19시,목요일,부산광역시 서구 아미동2가,중상사고,0,1,0,0,차대사람 - 길가장자리구역통행중,안전운전불이행,건조,맑음,단일로 - 기타,승용,여,37세,상해없음,보행자,남,61세,중상