사고부문,사고번호,사고일시,요일,시군구,사고내용,사망자수,중상자수,경상자수,부상신고자수,사고유형,법규위반,노면상태,기상상태,도로형태,가해운전자 차종,가해운전자 성별,가해운전자 연령,가해운전자 상해정도,피해운전자 차종,피해운전자 성별,피해운전자 연령,피해운전자 상해정도
음주운전,2021012600100349,2021년 1월 26일 17시,화요일,부산광역시 강서구 대저2동,경상사고,0,0,1,0,차대차 - 측면충돌,안전거리미확보,젖음/습기,비,단일로 - 기타,승용,남,39세,상해없음,화물,남,60세,경상
음주운전,2021012600100487,2021년 1월 26일 20시,화요일,부산광역시 남구 대연동,경상사고,0,0,1,0,차대차 - 측면충돌,안전운전불이행,건조,맑음,교차로 - 교차로부근,승용,남,48세,상해없음,화물,남,60세,경상
음주운전,2021012600100513,2021년 1월 26일 21시,화요일,부산광역시 중구 중앙동4가,경상사고,0,0,2,0,차대차 - 추돌,안전운전불이행,젖음/습기,맑음,단일로 - 기타,승용,남,48세,상해없음,승용,남,50세,경상
음주운전,2021012600100539,2021년 1월 26일 22시,화요일,부산광역시 금정구 노포동,경상사고,0,0,1,0,차대차 - 추돌,안전운전불이행,젖음/습기,흐림,교차로 - 교차로부근,승용,여,38세,상해없음,승용,남,47세,경상
음주운전,2021012700100162,2021년 1월 27일 12시,수요일,부산광역시 부산진구 가야동,경상사고,0,0,1,0,차대차 - 기타,안전운전불이행,건조,맑음,단일로 - 기타,화물,남,58세,상해없음,승용,여,49세,경상
음주운전,2021012700100533,2021년 1월 27일 23시,수요일,부산광역시 연제구 연산동,경상사고,0,0,2,0,차대차 - 추돌,안전운전불이행,건조,맑음,교차로 - 교차로부근,승용,남,25세,상해없음,승용,남,31세,경상
음주운전,2021012800100016,2021년 1월 28일 05시,목요일,부산광역시 강서구 명지동,경상사고,0,0,1,0,차대차 - 정면충돌,안전운전불이행,건조,맑음,단일로 - 기타,이륜,남,24세,경상,화물,남,58세,상해없음
음주운전,2021012900100005,2021년 1월 29일 00시,금요일,부산광역시 해운대구 재송동,부상신고사고,0,0,0,2,차대차 - 추돌,안전운전불이행,건조,맑음,교차로 - 교차로부근,승용,남,42세,상해없음,승용,남,61세,부상신고
음주운전,2021012900100015,2021년 1월 29일 02시,금요일,부산광역시 부산진구 전포동,부상신고사고,0,0,0,1,차대차 - 기타,안전운전불이행,건조,기타,단일로 - 기타,이륜,남,29세,부상신고,이륜,남,40세,기타불명
음주운전,2021013100100005,2021년 1월 31일 00시,일요일,부산광역시 중구 영주동,경상사고,0,0,1,0,차대차 - 후진중충돌,안전운전불이행,건조,맑음,단일로 - 기타,승용,남,28세,상해없음,승용,남,51세,경상
음주운전,2021013100100016,2021년 1월 31일 01시,일요일,부산광역시 사하구 신평동,경상사고,0,0,1,0,차대차 - 추돌,안전운전불이행,건조,맑음,단일로 - 기타,승용,남,31세,상해없음,승용,여,44세,경상
음주운전,2021013100100031,2021년 1월 31일 04시,일요일,부산광역시 금정구 부곡동,경상사고,0,0,1,0,차대차 - 정면충돌,안전운전불이행,건조,맑음,단일로 - 기타,승용,남,33세,상해없음,승용,남,39세,경상
음주운전,2021020100100327,2021년 2월 1일 18시,월요일,부산광역시 부산진구 범천동,경상사고,0,0,2,0,차대차 - 기타,안전운전불이행,기타,맑음,단일로 - 기타,화물,남,54세,상해없음,승용,여,48세,경상
음주운전,2021020100100328,2021년 2월 1일 18시,월요일,부산광역시 금정구 노포동,부상신고사고,0,0,0,1,차대차 - 추돌,안전운전불이행,젖음/습기,흐림,단일로 - 기타,이륜,남,62세,부상신고,승용,남,55세,상해없음
음주운전,2021020200100381,2021년 2월 2일 19시,화요일,부산광역시 기장군 철마면,경상사고,0,0,2,0,차대차 - 기타,안전운전불이행,건조,맑음,교차로 - 교차로안,승용,여,59세,상해없음,승용,남,41세,경상
음주운전,2021020200100453,2021년 2월 2일 21시,화요일,부산광역시 부산진구 범천동,경상사고,0,0,2,0,차대차 - 추돌,안전운전불이행,건조,맑음,기타 - 기타,승용,여,36세,상해없음,승용,여,53세,경상
음주운전,2021020300100021,2021년 2월 3일 06시,수요일,부산광역시 동래구 안락동,중상사고,0,1,0,0,차대차 - 기타,안전운전불이행,건조,맑음,단일로 - 기타,승용,남,40세,상해없음,기타불명,남,77세,중상
음주운전,2021020300100114,2021년 2월 3일 10시,수요일,부산광역시 강서구 녹산동,경상사고,0,0,3,0,차대차 - 추돌,안전운전불이행,건조,맑음,교차로 - 교차로부근,화물,남,45세,상해없음,승용,남,46세,경상
음주운전,2021020300100335,2021년 2월 3일 17시,수요일,부산광역시 금정구 부곡동,중상사고,0,1,1,0,차대차 - 추돌,안전운전불이행,건조,맑음,단일로 - 기타,승용,남,46세,상해없음,승용,여,58세,경상
음주운전,2021020400100562,2021년 2월 4일 21시,목요일,부산광역시 동래구 명륜동,경상사고,0,0,2,0,차대차 - 측면충돌,안전운전불이행,건조,맑음,단일로 - 기타,화물,남,54세,상해없음,승용,남,40세,경상
음주운전,2021020500100488,2021년 2월 5일 19시,금요일,부산광역시 강서구 대저2동,경상사고,0,0,2,0,차대차 - 추돌,안전운전불이행,건조,맑음,단일로 - 기타,화물,남,54세,상해없음,승용,남,40세,경상
음주운전,2021020500100651,2021년 2월 5일 23시,금요일,부산광역시 해운대구 우동,경상사고,0,0,1,0,차대차 - 추돌,안전운전불이행,건조,맑음,단일로 - 기타,승용,남,21세,상해없음,승용,남,61세,경상
음주운전,2021020700100005,2021년 2월 7일 00시,일요일,부산광역시 수영구 수영동,부상신고사고,0,0,0,1,차대차 - 추돌,안전운전불이행,건조,맑음,단일로 - 기타,승용,남,34세,기타불명,승용,남,66세,상해없음
음주운전,2021020800100592,2021년 2월 8일 21시,월요일,부산광역시 영도구 청학동,중상사고,0,2,2,0,차대차 - 추돌,안전운전불이행,건조,맑음,단일로 - 기타,승용,남,25세,상해없음,승용,남,56세,중상
음주운전,2021020800100627,2021년 2월 8일 22시,월요일,부산광역시 부산진구 전포동,경상사고,0,0,4,0,차대차 - 추돌,안전운전불이행,건조,맑음,단일로 - 기타,승용,남,31세,상해없음,승용,여,25세,경상
음주운전,2021020900100495,2021년 2월 9일 18시,화요일,부산광역시 기장군 기장읍,경상사고,0,0,1,0,차대차 - 추돌,안전운전불이행,건조,맑음,교차로 - 교차로부근,승용,남,42세,상해없음,승용,남,44세,경상
음주운전,2021020900100599,2021년 2월 9일 20시,화요일,부산광역시 영도구 동삼동,경상사고,0,0,1,0,차대차 - 기타,안전운전불이행,건조,맑음,단일로 - 기타,화물,남,54세,상해없음,이륜,남,58세,경상
음주운전,2021020900100701,2021년 2월 9일 22시,화요일,부산광역시 동래구 사직동,중상사고,0,1,2,0,차대차 - 추돌,안전운전불이행,건조,맑음,단일로 - 기타,승용,남,39세,상해없음,승용,남,46세,중상
음주운전,2021020900100702,2021년 2월 9일 22시,화요일,부산광역시 부산진구 개금동,중상사고,0,1,0,0,차대차 - 추돌,안전운전불이행,건조,맑음,단일로 - 고가도로위,승용,남,43세,상해없음,승용,남,52세,중상
음주운전,2021020900100703,2021년 2월 9일 22시,화요일,부산광역시 사하구 하단동,경상사고,0,0,1,0,차대사람 - 기타,안전운전불이행,건조,맑음,교차로 - 교차로부근,이륜,남,24세,상해없음,보행자,여,23세,경상
음주운전,2021021100100107,2021년 2월 11일 12시,목요일,부산광역시 부산진구 양정동,경상사고,0,0,3,0,차대차 - 추돌,안전운전불이행,건조,맑음,단일로 - 기타,화물,남,57세,상해없음,승용,남,26세,경상
음주운전,2021021300100031,2021년 2월 13일 09시,토요일,부산광역시 해운대구 우동,경상사고,0,0,2,0,차대차 - 추돌,안전거리미확보,건조,맑음,교차로 - 교차로부근,승용,여,22세,상해없음,승용,남,51세,경상
음주운전,2021021300100362,2021년 2월 13일 22시,토요일,부산광역시 해운대구 우동,경상사고,0,0,3,0,차대차 - 정면충돌,중앙선침범,건조,맑음,교차로 - 교차로안,승용,남,28세,상해없음,승용,남,54세,경상
음주운전,2021021400100284,2021년 2월 14일 21시,일요일,부산광역시 남구 대연동,경상사고,0,0,1,0,차대차 - 기타,안전운전불이행,젖음/습기,비,교차로 - 교차로안,승용,남,50세,상해없음,승용,남,21세,경상
음주운전,2021021400100315,2021년 2월 14일 22시,일요일,부산광역시 강서구 신호동,경상사고,0,0,2,0,차대차 - 후진중충돌,안전운전불이행,건조,맑음,교차로 - 교차로안,승합,남,31세,상해없음,승용,여,32세,경상
음주운전,2021021400100336,2021년 2월 14일 23시,일요일,부산광역시 기장군 일광면,사망사고,1,0,0,0,차량단독 - 기타,안전운전불이행,건조,맑음,단일로 - 기타,승용,남,34세,사망,,,,
음주운전,2021021500100002,2021년 2월 15일 00시,월요일,부산광역시 부산진구 가야동,경상사고,0,0,1,0,차대차 - 추돌,안전운전불이행,젖음/습기,비,교차로 - 교차로부근,승용,남,30세,기타불명,승용,남,29세,경상
음주운전,2021021500100433,2021년 2월 15일 21시,월요일,부산광역시 연제구 연산동,경상사고,0,0,2,0,차대차 - 추돌,안전운전불이행,건조,맑음,단일로 - 기타,화물,남,47세,상해없음,승용,여,49세,경상
음주운전,2021021600100016,2021년 2월 16일 03시,화요일,부산광역시 중구 보수동2가,중상사고,0,1,0,0,차대차 - 기타,안전운전불이행,건조,맑음,기타 - 기타,이륜,남,39세,상해없음,자전거,남,58세,중상
음주운전,2021021600100113,2021년 2월 16일 10시,화요일,부산광역시 남구 문현동,경상사고,0,0,1,0,차대차 - 추돌,안전운전불이행,건조,맑음,교차로 - 교차로안,이륜,여,28세,상해없음,승용,여,40세,경상
음주운전,2021021700100393,2021년 2월 17일 18시,수요일,부산광역시 서구 아미동2가,중상사고,0,1,1,0,차대차 - 측면충돌,기타,건조,맑음,교차로 - 교차로안,이륜,남,73세,중상,승용,남,63세,상해없음
음주운전,2021021700100449,2021년 2월 17일 19시,수요일,부산광역시 동래구 수안동,중상사고,0,1,0,0,차대차 - 기타,안전운전불이행,건조,맑음,단일로 - 기타,이륜,남,64세,중상,승용,남,56세,상해없음
음주운전,2021021800100013,2021년 2월 18일 01시,목요일,부산광역시 부산진구 양정동,경상사고,0,0,1,0,차대차 - 기타,중앙선침범,기타,맑음,단일로 - 기타,승용,여,27세,상해없음,승용,남,61세,경상
음주운전,2021021800100016,2021년 2월 18일 02시,목요일,부산광역시 사하구 하단동,중상사고,0,2,0,0,차대차 - 후진중충돌,안전운전불이행,건조,맑음,단일로 - 기타,승용,남,39세,상해없음,승용,남,29세,중상
음주운전,2021021800100512,2021년 2월 18일 22시,목요일,부산광역시 강서구 송정동,경상사고,0,0,1,0,차대차 - 추돌,안전거리미확보,건조,맑음,단일로 - 기타,승용,남,32세,상해없음,승용,남,36세,경상
음주운전,2021021800100542,2021년 2월 18일 23시,목요일,부산광역시 사상구 감전동,경상사고,0,0,1,0,차대차 - 추돌,안전운전불이행,건조,맑음,교차로 - 교차로부근,승용,남,49세,상해없음,승용,남,62세,상해없음
음주운전,2021022100100027,2021년 2월 21일 04시,일요일,부산광역시 부산진구 부전동,중상사고,0,1,0,0,차대차 - 측면충돌,안전운전불이행,건조,맑음,단일로 - 기타,승용,남,23세,상해없음,승용,남,35세,중상
음주운전,2021022100100042,2021년 2월 21일 07시,일요일,부산광역시 영도구 청학동,중상사고,0,1,0,0,차대차 - 측면충돌,중앙선침범,건조,맑음,단일로 - 기타,승용,남,36세,상해없음,승합,남,63세,상해없음
음주운전,2021022200100314,2021년 2월 22일 15시,월요일,부산광역시 강서구 명지동,중상사고,0,1,3,0,차대차 - 측면충돌,안전운전불이행,건조,맑음,교차로 - 교차로안,승용,여,41세,상해없음,화물,남,35세,기타불명
음주운전,2021022200100556,2021년 2월 22일 22시,월요일,부산광역시 금정구 부곡동,중상사고,0,3,1,0,차대차 - 기타,신호위반,건조,맑음,교차로 - 교차로안,승용,남,40세,중상,승용,남,50세,중상
음주운전,2021022300100019,2021년 2월 23일 03시,화요일,부산광역시 해운대구 우동,중상사고,0,1,0,0,차량단독 - 기타,안전운전불이행,건조,흐림,단일로 - 기타,이륜,남,26세,기타불명,,,,
음주운전,2021022300100514,2021년 2월 23일 21시,화요일,부산광역시 기장군 기장읍,중상사고,0,1,1,0,차대차 - 기타,안전거리미확보,건조,맑음,단일로 - 기타,승용,남,45세,상해없음,승용,남,55세,중상
음주운전,2021022400100018,2021년 2월 24일 04시,수요일,부산광역시 사하구 신평동,경상사고,0,0,1,0,차량단독 - 기타,안전운전불이행,건조,맑음,단일로 - 기타,이륜,남,32세,경상,,,,
음주운전,2021022400100023,2021년 2월 24일 05시,수요일,부산광역시 남구 대연동,중상사고,0,1,0,0,차량단독 - 공작물충돌,안전운전불이행,건조,맑음,단일로 - 기타,화물,남,37세,중상,,,,
음주운전,2021022400100487,2021년 2월 24일 22시,수요일,부산광역시 부산진구 가야동,경상사고,0,0,1,0,차대차 - 추돌,안전운전불이행,건조,맑음,교차로 - 교차로부근,승합,남,47세,상해없음,승용,남,57세,경상
음주운전,2.02102E+15,2021년 2월 24일 23시,수요일,부산광역시 해운대구 중동,사망사고,1,0,0,0,차대차 - 정면충돌,중앙선침범,건조,맑음,단일로 - 기타,승용,여,33세,상해없음,이륜,남,58세,사망
음주운전,2021022600100003,2021년 2월 26일 00시,금요일,부산광역시 남구 문현동,경상사고,0,0,1,0,차대차 - 측면충돌,안전운전불이행,젖음/습기,비,교차로 - 교차로부근,승용,남,37세,상해없음,승용,남,32세,경상
음주운전,2021022600100014,2021년 2월 26일 01시,금요일,부산광역시 수영구 남천동,경상사고,0,0,3,0,차대차 - 추돌,안전운전불이행,젖음/습기,비,단일로 - 기타,승용,남,39세,상해없음,승용,남,52세,경상
음주운전,2021022600100015,2021년 2월 26일 01시,금요일,부산광역시 강서구 명지동,경상사고,0,0,1,0,차대차 - 추돌,안전운전불이행,젖음/습기,비,교차로 - 교차로부근,승용,남,29세,상해없음,승용,남,40세,경상
음주운전,2021022600100024,2021년 2월 26일 03시,금요일,부산광역시 강서구 명지동,경상사고,0,0,2,0,차대차 - 기타,신호위반,젖음/습기,비,교차로 - 교차로안,승용,남,40세,상해없음,승용,남,57세,경상
음주운전,2021022600100077,2021년 2월 26일 08시,금요일,부산광역시 북구 덕천동,경상사고,0,0,1,0,차대차 - 추돌,안전운전불이행,건조,맑음,단일로 - 기타,승용,남,30세,상해없음,승용,남,52세,경상
음주운전,2021022600100556,2021년 2월 26일 21시,금요일,부산광역시 수영구 민락동,경상사고,0,0,1,0,차대차 - 측면충돌,안전운전불이행,건조,맑음,교차로 - 교차로부근,승용,여,42세,상해없음,승용,남,28세,경상
음주운전,2021022600100585,2021년 2월 26일 22시,금요일,부산광역시 사상구 괘법동,경상사고,0,0,1,0,차대차 - 추돌,안전운전불이행,건조,맑음,단일로 - 기타,승용,남,39세,상해없음,승용,남,57세,경상
음주운전,2021022700100491,2021년 2월 27일 21시,토요일,부산광역시 동래구 온천동,사망사고,1,0,0,0,차량단독 - 전도전복 - 전도,안전운전불이행,건조,맑음,단일로 - 기타,이륜,남,29세,사망,,,,
음주운전,2021022700100519,2021년 2월 27일 22시,토요일,부산광역시 해운대구 중동,경상사고,0,0,1,0,차대차 - 기타,안전운전불이행,건조,맑음,단일로 - 기타,승용,남,48세,상해없음,이륜,남,50세,경상
음주운전,2021022800100361,2021년 2월 28일 22시,일요일,부산광역시 해운대구 좌동,중상사고,0,1,1,0,차대차 - 측면충돌,안전운전불이행,건조,맑음,단일로 - 기타,승용,남,30세,기타불명,승용,남,44세,중상
음주운전,2021030100100263,2021년 3월 1일 18시,월요일,부산광역시 동래구 온천동,경상사고,0,0,2,0,차대차 - 정면충돌,중앙선침범,젖음/습기,비,교차로 - 교차로안,승용,남,62세,상해없음,승용,남,63세,경상
음주운전,2021030200100499,2021년 3월 2일 22시,화요일,부산광역시 북구 덕천동,경상사고,0,0,1,0,차대차 - 추돌,안전거리미확보,건조,맑음,교차로 - 교차로안,승용,남,25세,상해없음,승용,남,40세,경상
음주운전,2021030300100475,2021년 3월 3일 21시,수요일,부산광역시 금정구 구서동,경상사고,0,0,1,0,차대차 - 추돌,안전운전불이행,건조,맑음,단일로 - 기타,승용,남,39세,상해없음,승용,남,35세,경상
음주운전,2021030400100335,2021년 3월 4일 18시,목요일,부산광역시 강서구 송정동,중상사고,0,1,0,0,차대차 - 추돌,안전운전불이행,젖음/습기,비,단일로 - 기타,승용,남,42세,상해없음,화물,남,57세,중상
음주운전,2021030400100479,2021년 3월 4일 22시,목요일,부산광역시 남구 대연동,경상사고,0,0,1,0,차대차 - 추돌,안전운전불이행,젖음/습기,비,교차로 - 교차로부근,승용,남,56세,상해없음,승용,남,54세,경상
음주운전,2021030500100387,2021년 3월 5일 17시,금요일,부산광역시 동래구 온천동,경상사고,0,0,1,0,차대차 - 추돌,안전운전불이행,건조,맑음,단일로 - 기타,승용,남,49세,상해없음,승용,남,59세,경상
음주운전,2021030600100015,2021년 3월 6일 01시,토요일,부산광역시 북구 만덕동,경상사고,0,0,1,0,차대차 - 기타,안전운전불이행,건조,맑음,단일로 - 기타,승용,남,45세,상해없음,승용,여,34세,경상
음주운전,2021030800100547,2021년 3월 8일 21시,월요일,부산광역시 서구 서대신동3가,경상사고,0,0,2,0,차대차 - 측면충돌,안전운전불이행,건조,맑음,교차로 - 교차로안,승용,남,55세,상해없음,승용,남,33세,경상
음주운전,2021030900100507,2021년 3월 9일 23시,화요일,부산광역시 동래구 온천동,사망사고,1,0,0,0,차대사람 - 기타,안전운전불이행,건조,맑음,단일로 - 기타,승용,남,44세,상해없음,보행자,남,60세,사망
음주운전,2021031100100028,2021년 3월 11일 04시,목요일,부산광역시 수영구 남천동,부상신고사고,0,0,0,1,차대차 - 정면충돌,안전운전불이행,건조,맑음,교차로 - 교차로안,이륜,남,23세,기타불명,승용,남,54세,상해없음
음주운전,2021031100100516,2021년 3월 11일 22시,목요일,부산광역시 서구 암남동,경상사고,0,0,2,0,차대차 - 측면충돌,안전운전불이행,건조,흐림,교차로 - 교차로부근,이륜,남,46세,경상,승용,여,43세,상해없음
음주운전,2021031100100518,2021년 3월 11일 22시,목요일,부산광역시 강서구 명지동,중상사고,0,2,0,0,차대차 - 추돌,안전운전불이행,건조,맑음,교차로 - 교차로부근,승용,남,40세,상해없음,승용,여,45세,중상
음주운전,2021031200100011,2021년 3월 12일 02시,금요일,부산광역시 사상구 괘법동,경상사고,0,0,1,0,차대사람 - 기타,안전운전불이행,젖음/습기,비,교차로 - 교차로부근,승용,남,22세,상해없음,보행자,남,30세,경상
음주운전,2021031200100544,2021년 3월 12일 21시,금요일,부산광역시 기장군 장안읍,경상사고,0,0,1,0,차대차 - 추돌,안전운전불이행,젖음/습기,비,단일로 - 기타,승용,남,35세,상해없음,승용,남,60세,경상
음주운전,2021031300100016,2021년 3월 13일 01시,토요일,부산광역시 강서구 녹산동,경상사고,0,0,1,0,차대차 - 기타,안전운전불이행,건조,맑음,단일로 - 기타,승용,남,27세,상해없음,승용,남,41세,상해없음
음주운전,2021031400100003,2021년 3월 14일 00시,일요일,부산광역시 해운대구 우동,경상사고,0,0,1,0,차대차 - 추돌,안전운전불이행,건조,맑음,교차로 - 교차로부근,승용,남,26세,상해없음,이륜,남,25세,경상
음주운전,2021031400100005,2021년 3월 14일 00시,일요일,부산광역시 기장군 정관읍,중상사고,0,1,0,0,차대차 - 기타,신호위반,건조,맑음,단일로 - 기타,승용,남,31세,기타불명,승용,남,59세,중상
음주운전,2.02103E+15,2021년 3월 14일 02시,일요일,부산광역시 남구 대연동,중상사고,0,1,0,0,차대차 - 기타,안전운전불이행,건조,맑음,단일로 - 지하차도(도로)내,승용,남,31세,상해없음,승용,여,60세,중상
음주운전,2021031400100021,2021년 3월 14일 02시,일요일,부산광역시 기장군 일광면,경상사고,0,0,1,0,차대차 - 추돌,안전운전불이행,건조,맑음,교차로 - 교차로부근,승용,남,56세,상해없음,승용,남,65세,경상
음주운전,2021031400100032,2021년 3월 14일 04시,일요일,부산광역시 북구 화명동,중상사고,0,1,0,0,차대차 - 추돌,안전운전불이행,건조,맑음,단일로 - 기타,승용,남,22세,상해없음,승용,남,75세,중상
음주운전,2021031600100019,2021년 3월 16일 01시,화요일,부산광역시 사상구 엄궁동,중상사고,0,1,0,0,차대차 - 추돌,안전운전불이행,젖음/습기,비,단일로 - 기타,승용,남,48세,상해없음,승용,남,26세,중상
음주운전,2021031600100429,2021년 3월 16일 18시,화요일,부산광역시 중구 영주동,중상사고,0,1,0,0,차대차 - 추돌,안전운전불이행,건조,맑음,단일로 - 기타,승용,남,47세,상해없음,승용,남,32세,중상
음주운전,2021031600100485,2021년 3월 16일 19시,화요일,부산광역시 강서구 강동동,경상사고,0,0,2,0,차대차 - 추돌,기타,건조,맑음,단일로 - 기타,화물,남,58세,상해없음,승용,남,43세,경상
음주운전,2.02103E+15,2021년 3월 16일 22시,화요일,부산광역시 부산진구 당감동,경상사고,0,0,4,0,차대차 - 기타,중앙선침범,건조,맑음,단일로 - 기타,승용,남,66세,상해없음,승용,남,63세,경상
음주운전,2021031800100004,2021년 3월 18일 00시,목요일,부산광역시 북구 덕천동,중상사고,0,1,0,0,차대사람 - 차도통행중,신호위반,건조,맑음,단일로 - 기타,승용,남,22세,상해없음,보행자,여,21세,중상
음주운전,2021031800100033,2021년 3월 18일 05시,목요일,부산광역시 강서구 송정동,경상사고,0,0,1,0,차대차 - 기타,신호위반,건조,맑음,교차로 - 교차로안,승용,남,61세,상해없음,화물,남,67세,경상
음주운전,2021031900100169,2021년 3월 19일 11시,금요일,부산광역시 부산진구 부전동,경상사고,0,0,1,0,차대차 - 측면충돌,중앙선침범,건조,맑음,교차로 - 교차로부근,승용,남,26세,상해없음,화물,남,49세,경상
음주운전,2021031900100647,2021년 3월 19일 23시,금요일,부산광역시 사하구 구평동,부상신고사고,0,0,0,1,차량단독 - 기타,안전운전불이행,건조,맑음,교차로 - 교차로안,원동기,남,64세,부상신고,,,,
음주운전,2021032000100006,2021년 3월 20일 00시,토요일,부산광역시 서구 동대신동2가,경상사고,0,0,1,0,차대차 - 측면충돌,중앙선침범,건조,맑음,교차로 - 교차로안,승용,여,45세,상해없음,승용,남,69세,경상
음주운전,2021032000100315,2021년 3월 20일 17시,토요일,부산광역시 사상구 학장동,경상사고,0,0,1,0,차대차 - 추돌,안전운전불이행,젖음/습기,비,단일로 - 지하차도(도로)내,화물,남,72세,상해없음,승용,남,64세,경상
음주운전,2021032000100456,2021년 3월 20일 21시,토요일,부산광역시 동래구 사직동,중상사고,0,1,0,0,차대사람 - 기타,안전운전불이행,건조,맑음,단일로 - 기타,승용,남,29세,상해없음,보행자,여,74세,중상
음주운전,2021032100100358,2021년 3월 21일 20시,일요일,부산광역시 북구 덕천동,경상사고,0,0,2,0,차대차 - 추돌,안전운전불이행,건조,맑음,단일로 - 기타,승용,남,60세,상해없음,승용,남,28세,경상
음주운전,2021032100100394,2021년 3월 21일 21시,일요일,부산광역시 부산진구 부암동,경상사고,0,0,2,1,차대차 - 추돌,안전운전불이행,건조,맑음,단일로 - 기타,승용,남,38세,부상신고,승합,남,33세,경상
음주운전,2021032100100425,2021년 3월 21일 23시,일요일,부산광역시 사하구 신평동,경상사고,0,0,1,0,차대차 - 추돌,안전운전불이행,건조,맑음,교차로 - 교차로안,승용,남,25세,상해없음,화물,남,67세,경상
음주운전,2021032200100009,2021년 3월 22일 02시,월요일,부산광역시 수영구 남천동,경상사고,0,0,1,0,차대차 - 추돌,안전운전불이행,건조,맑음,단일로 - 기타,승용,남,49세,상해없음,화물,남,46세,경상
음주운전,2021032200100011,2021년 3월 22일 02시,월요일,부산광역시 해운대구 반여동,경상사고,0,0,2,0,차대차 - 측면충돌,안전운전불이행,건조,맑음,교차로 - 교차로부근,승용,남,48세,상해없음,승용,남,30세,경상
음주운전,2021032200100031,2021년 3월 22일 07시,월요일,부산광역시 해운대구 반여동,중상사고,0,1,1,0,차대차 - 정면충돌,중앙선침범,건조,맑음,단일로 - 기타,이륜,남,23세,중상,승용,남,59세,경상
음주운전,2021032300100009,2021년 3월 23일 01시,화요일,부산광역시 부산진구 부전동,경상사고,0,0,1,0,차대차 - 후진중충돌,안전운전불이행,건조,맑음,단일로 - 기타,승용,여,18세,상해없음,승용,남,39세,경상
음주운전,2021032300100541,2021년 3월 23일 22시,화요일,부산광역시 남구 우암동,중상사고,0,2,0,0,차대차 - 추돌,기타,건조,맑음,교차로 - 교차로안,승용,남,31세,상해없음,승용,여,32세,중상
음주운전,2021032400100027,2021년 3월 24일 05시,수요일,부산광역시 부산진구 연지동,경상사고,0,0,1,0,차대차 - 측면충돌,교차로운행방법위반,건조,맑음,교차로 - 교차로안,승용,남,29세,상해없음,승용,남,29세,경상
음주운전,2021032400100493,2021년 3월 24일 20시,수요일,부산광역시 부산진구 부암동,경상사고,0,0,2,0,차대차 - 기타,안전운전불이행,건조,맑음,단일로 - 기타,화물,남,63세,상해없음,승용,남,37세,경상
음주운전,2021032600100156,2021년 3월 26일 10시,금요일,부산광역시 동래구 사직동,경상사고,0,0,1,0,차대차 - 측면충돌,안전운전불이행,건조,맑음,단일로 - 기타,이륜,남,25세,상해없음,승용,여,50세,경상
음주운전,2021032600100574,2021년 3월 26일 21시,금요일,부산광역시 사하구 하단동,경상사고,0,0,2,0,차대차 - 추돌,안전운전불이행,건조,맑음,교차로 - 교차로부근,승용,남,48세,상해없음,승용,남,34세,경상
음주운전,2021032700100042,2021년 3월 27일 04시,토요일,부산광역시 연제구 연산동,경상사고,0,0,1,0,차대차 - 기타,안전운전불이행,건조,맑음,교차로 - 교차로부근,원동기,남,24세,기타불명,승용,남,32세,경상
음주운전,2021032700100308,2021년 3월 27일 15시,토요일,부산광역시 사상구 엄궁동,경상사고,0,0,1,0,차대사람 - 기타,안전거리미확보,건조,맑음,기타 - 기타,승용,남,55세,상해없음,보행자,여,36세,경상
음주운전,2021032800100004,2021년 3월 28일 00시,일요일,부산광역시 해운대구 재송동,경상사고,0,0,2,0,차대차 - 추돌,안전운전불이행,젖음/습기,비,교차로 - 교차로부근,승용,남,45세,기타불명,승용,남,53세,경상
음주운전,2021032800100054,2021년 3월 28일 03시,일요일,부산광역시 수영구 남천동,경상사고,0,0,1,0,차대차 - 기타,중앙선침범,젖음/습기,비,단일로 - 기타,승용,남,26세,상해없음,승용,남,37세,경상