사고부문,사고번호,사고일시,요일,시군구,사고내용,사망자수,중상자수,경상자수,부상신고자수,사고유형,법규위반,노면상태,기상상태,도로형태,가해운전자 차종,가해운전자 성별,가해운전자 연령,가해운전자 상해정도,피해운전자 차종,피해운전자 성별,피해운전자 연령,피해운전자 상해정도
음주운전,2021032800100373,2021년 3월 28일 20시,일요일,부산광역시 연제구 거제동,중상사고,0,1,0,0,차대차 - 측면충돌,중앙선침범,건조,맑음,교차로 - 교차로부근,승용,남,31세,상해없음,승용,여,41세,중상
음주운전,2021032900100001,2021년 3월 29일 00시,월요일,부산광역시 부산진구 부전동,중상사고,0,1,0,0,차대차 - 정면충돌,중앙선침범,건조,맑음,단일로 - 기타,승용,남,49세,상해없음,승용,여,34세,중상
음주운전,2021032900100007,2021년 3월 29일 01시,월요일,부산광역시 해운대구 반여동,부상신고사고,0,0,0,1,차량단독 - 공작물충돌,안전운전불이행,건조,맑음,교차로 - 교차로부근,이륜,남,19세,부상신고,,,,
음주운전,2021033000100456,2021년 3월 30일 18시,화요일,부산광역시 부산진구 부암동,중상사고,0,1,0,0,차대사람 - 기타,안전운전불이행,건조,맑음,단일로 - 기타,승용,남,55세,상해없음,보행자,남,51세,중상
음주운전,2021033000100598,2021년 3월 30일 22시,화요일,부산광역시 중구 영주동,경상사고,0,0,1,0,차대차 - 측면충돌,안전운전불이행,건조,맑음,단일로 - 기타,승용,여,53세,상해없음,승용,여,47세,경상
음주운전,2021033100100002,2021년 3월 31일 00시,수요일,부산광역시 영도구 청학동,경상사고,0,0,1,0,차량단독 - 공작물충돌,안전운전불이행,건조,맑음,단일로 - 기타,원동기,남,27세,경상,,,,
음주운전,2021033100100005,2021년 3월 31일 00시,수요일,부산광역시 연제구 연산동,경상사고,0,0,2,0,차대차 - 기타,안전운전불이행,건조,맑음,단일로 - 기타,이륜,남,25세,상해없음,화물,남,65세,경상
음주운전,2021040300100021,2021년 4월 3일 01시,토요일,부산광역시 해운대구 우동,중상사고,0,1,2,0,차대차 - 추돌,안전운전불이행,건조,흐림,교차로 - 교차로부근,승용,남,29세,상해없음,승용,남,60세,경상
음주운전,2021040300100562,2021년 4월 3일 22시,토요일,부산광역시 부산진구 부암동,경상사고,0,0,1,0,차대차 - 추돌,안전운전불이행,젖음/습기,비,기타 - 기타,승용,남,46세,상해없음,승용,남,37세,경상
음주운전,2021040300100609,2021년 4월 3일 23시,토요일,부산광역시 사상구 괘법동,경상사고,0,0,1,0,차대차 - 추돌,안전거리미확보,젖음/습기,비,교차로 - 교차로부근,승용,남,36세,상해없음,승용,남,32세,경상
음주운전,2021040400100028,2021년 4월 4일 02시,일요일,부산광역시 사상구 삼락동,경상사고,0,0,1,0,차대차 - 추돌,안전거리미확보,젖음/습기,비,단일로 - 기타,승용,남,28세,상해없음,승용,남,47세,경상
음주운전,2021040400100304,2021년 4월 4일 18시,일요일,부산광역시 부산진구 가야동,경상사고,0,0,2,0,차대차 - 추돌,안전운전불이행,건조,맑음,단일로 - 기타,승용,남,32세,상해없음,승합,남,52세,경상
음주운전,2021040400100399,2021년 4월 4일 22시,일요일,부산광역시 사상구 감전동,경상사고,0,0,2,0,차대차 - 추돌,안전운전불이행,건조,맑음,단일로 - 기타,승용,남,32세,상해없음,승용,여,30세,경상
음주운전,2021040500100272,2021년 4월 5일 13시,월요일,부산광역시 해운대구 송정동,경상사고,0,0,1,0,차대차 - 추돌,안전운전불이행,건조,맑음,단일로 - 기타,승용,남,62세,상해없음,승용,남,29세,경상
음주운전,2021040600100532,2021년 4월 6일 21시,화요일,부산광역시 연제구 연산동,경상사고,0,0,2,0,차대차 - 기타,안전운전불이행,건조,맑음,단일로 - 기타,화물,남,57세,상해없음,승용,여,20세,경상
음주운전,2.02104E+15,2021년 4월 7일 04시,수요일,부산광역시 강서구 송정동,경상사고,0,0,3,0,차대차 - 추돌,안전운전불이행,건조,맑음,교차로 - 교차로부근,승용,남,27세,상해없음,승용,남,54세,경상
음주운전,2021040700100451,2021년 4월 7일 18시,수요일,부산광역시 동래구 온천동,경상사고,0,0,2,0,차대차 - 추돌,안전운전불이행,건조,맑음,단일로 - 기타,승용,남,60세,상해없음,화물,남,47세,경상
음주운전,2021040700100612,2021년 4월 7일 22시,수요일,부산광역시 기장군 일광면,중상사고,0,1,0,0,차대차 - 추돌,중앙선침범,건조,맑음,단일로 - 기타,승용,남,28세,상해없음,이륜,남,25세,중상
음주운전,2021040800100001,2021년 4월 8일 00시,목요일,부산광역시 기장군 정관읍,중상사고,0,1,0,0,차대차 - 측면충돌,신호위반,건조,맑음,교차로 - 교차로안,승용,남,39세,상해없음,이륜,남,24세,중상
음주운전,2021040900100641,2021년 4월 9일 23시,금요일,부산광역시 강서구 명지동,중상사고,0,2,1,0,차대차 - 추돌,안전운전불이행,건조,맑음,교차로 - 교차로부근,승용,남,48세,경상,승용,남,67세,중상
음주운전,2.02104E+15,2021년 4월 10일 21시,토요일,부산광역시 금정구 부곡동,경상사고,0,0,1,0,차대차 - 기타,안전운전불이행,건조,맑음,단일로 - 기타,승용,남,45세,상해없음,승용,남,69세,경상
음주운전,2021041100100012,2021년 4월 11일 01시,일요일,부산광역시 북구 구포동,경상사고,0,0,2,0,차대차 - 기타,안전운전불이행,건조,맑음,단일로 - 기타,승용,남,26세,상해없음,승용,남,25세,경상
음주운전,2021041200100548,2021년 4월 12일 21시,월요일,부산광역시 해운대구 재송동,경상사고,0,0,2,0,차대차 - 추돌,안전운전불이행,젖음/습기,비,단일로 - 기타,승용,남,28세,상해없음,승용,남,54세,경상
음주운전,2021041200100549,2021년 4월 12일 21시,월요일,부산광역시 부산진구 부전동,경상사고,0,0,2,0,차대차 - 기타,안전운전불이행,젖음/습기,비,단일로 - 기타,승용,남,56세,상해없음,이륜,남,67세,기타불명
음주운전,2021041200100633,2021년 4월 12일 23시,월요일,부산광역시 해운대구 재송동,경상사고,0,0,1,0,차대차 - 기타,안전운전불이행,젖음/습기,비,단일로 - 고가도로위,승용,여,61세,상해없음,승용,남,48세,경상
음주운전,2021041300100559,2021년 4월 13일 21시,화요일,부산광역시 영도구 대평동1가,경상사고,0,0,1,0,차대차 - 측면충돌,중앙선침범,건조,맑음,단일로 - 기타,자전거,남,56세,기타불명,이륜,남,23세,경상
음주운전,2021041400100484,2021년 4월 14일 20시,수요일,부산광역시 북구 화명동,경상사고,0,0,1,0,차대차 - 추돌,안전운전불이행,건조,맑음,단일로 - 기타,승용,남,29세,상해없음,승용,남,39세,경상
음주운전,2021041400100539,2021년 4월 14일 22시,수요일,부산광역시 서구 서대신동3가,경상사고,0,0,1,0,차대차 - 추돌,기타,건조,맑음,단일로 - 기타,승용,남,24세,상해없음,승용,남,26세,경상
음주운전,2021041500100593,2021년 4월 15일 22시,목요일,부산광역시 부산진구 연지동,경상사고,0,0,3,0,차대차 - 추돌,안전운전불이행,건조,맑음,단일로 - 기타,승용,남,50세,상해없음,승용,여,59세,경상
음주운전,2021041500100594,2021년 4월 15일 22시,목요일,부산광역시 부산진구 부암동,경상사고,0,0,2,0,차대차 - 추돌,안전운전불이행,건조,맑음,교차로 - 교차로부근,승용,남,50세,기타불명,승용,남,48세,경상
음주운전,2021041700100162,2021년 4월 17일 11시,토요일,부산광역시 연제구 연산동,경상사고,0,0,1,0,차대차 - 측면충돌,신호위반,건조,맑음,교차로 - 교차로안,승용,남,50세,상해없음,승용,남,43세,경상
음주운전,2021041700100373,2021년 4월 17일 16시,토요일,부산광역시 해운대구 반송동,중상사고,0,2,1,3,차대차 - 정면충돌,신호위반,건조,맑음,교차로 - 교차로안,승용,여,40세,부상신고,승용,남,60세,중상
음주운전,2021041800100294,2021년 4월 18일 18시,일요일,부산광역시 부산진구 부암동,경상사고,0,0,1,0,차대차 - 측면충돌,안전운전불이행,건조,맑음,교차로 - 교차로부근,승용,남,58세,상해없음,이륜,남,30세,경상
음주운전,2021041800100379,2021년 4월 18일 21시,일요일,부산광역시 부산진구 양정동,경상사고,0,0,2,0,차대차 - 추돌,안전운전불이행,건조,맑음,교차로 - 교차로부근,승용,남,27세,상해없음,승용,남,33세,경상
음주운전,2021041900100536,2021년 4월 19일 21시,월요일,부산광역시 사하구 하단동,경상사고,0,0,1,0,차대차 - 추돌,안전운전불이행,건조,맑음,교차로 - 교차로부근,승용,남,56세,상해없음,원동기,남,40세,경상
음주운전,2021041900100561,2021년 4월 19일 22시,월요일,부산광역시 해운대구 좌동,경상사고,0,0,1,0,차대차 - 기타,안전운전불이행,건조,맑음,단일로 - 기타,승용,남,49세,상해없음,승용,남,49세,경상
음주운전,2.02104E+15,2021년 4월 20일 22시,화요일,부산광역시 부산진구 부전동,부상신고사고,0,0,0,1,차량단독 - 공작물충돌,안전운전불이행,건조,맑음,교차로 - 교차로부근,이륜,남,37세,부상신고,,,,
음주운전,2.02104E+15,2021년 4월 22일 06시,목요일,부산광역시 부산진구 전포동,경상사고,0,0,1,0,차대차 - 측면충돌,안전운전불이행,건조,맑음,교차로 - 교차로부근,승용,남,29세,상해없음,화물,남,53세,상해없음
음주운전,2021042300100039,2021년 4월 23일 06시,금요일,부산광역시 해운대구 우동,경상사고,0,0,2,0,차대차 - 측면충돌,안전운전불이행,건조,맑음,단일로 - 기타,승용,남,62세,상해없음,승용,남,68세,경상
음주운전,2021042300100173,2021년 4월 23일 11시,금요일,부산광역시 동래구 안락동,경상사고,0,0,2,0,차대차 - 측면충돌,안전운전불이행,건조,맑음,교차로 - 교차로안,승용,남,59세,상해없음,승용,남,34세,경상
음주운전,2021042300100644,2021년 4월 23일 23시,금요일,부산광역시 강서구 대저1동,중상사고,0,1,0,0,차량단독 - 공작물충돌,안전운전불이행,건조,맑음,단일로 - 기타,화물,남,41세,중상,,,,
음주운전,2021042400100433,2021년 4월 24일 18시,토요일,부산광역시 부산진구 부전동,중상사고,0,1,0,0,차대차 - 후진중충돌,안전운전불이행,건조,맑음,교차로 - 교차로부근,화물,남,71세,상해없음,승용,여,39세,중상
음주운전,2021042600100504,2021년 4월 26일 19시,월요일,부산광역시 수영구 민락동,사망사고,1,0,0,0,차대사람 - 기타,안전운전불이행,건조,맑음,단일로 - 기타,이륜,남,43세,상해없음,보행자,남,83세,사망
음주운전,2021042600100568,2021년 4월 26일 21시,월요일,부산광역시 영도구 청학동,부상신고사고,0,0,0,1,차량단독 - 전도전복 - 전도,안전운전불이행,건조,맑음,단일로 - 기타,이륜,남,56세,부상신고,,,,
음주운전,2021042700100529,2021년 4월 27일 21시,화요일,부산광역시 동래구 수안동,경상사고,0,0,2,0,차대차 - 추돌,안전운전불이행,건조,맑음,교차로 - 교차로부근,승용,남,33세,상해없음,승용,남,31세,경상
음주운전,2.02104E+15,2021년 4월 29일 06시,목요일,부산광역시 강서구 명지동,경상사고,0,0,1,0,차대차 - 추돌,안전운전불이행,건조,맑음,교차로 - 교차로부근,승용,남,30세,기타불명,승용,남,34세,경상
음주운전,2021042900100049,2021년 4월 29일 07시,목요일,부산광역시 서구 암남동,경상사고,0,0,1,0,차대차 - 측면충돌,안전거리미확보,건조,맑음,단일로 - 기타,특수,남,53세,상해없음,승용,남,55세,경상
음주운전,2.02104E+15,2021년 4월 30일 04시,금요일,부산광역시 부산진구 부암동,경상사고,0,0,1,0,차대차 - 측면충돌,직진우회전진행방해,건조,맑음,교차로 - 교차로안,이륜,남,23세,상해없음,화물,남,29세,상해없음
음주운전,2021043000100219,2021년 4월 30일 12시,금요일,부산광역시 북구 덕천동,경상사고,0,0,1,0,차대차 - 추돌,안전운전불이행,건조,맑음,교차로 - 교차로안,승용,남,34세,상해없음,승용,남,63세,경상
음주운전,2021043000100688,2021년 4월 30일 23시,금요일,부산광역시 기장군 기장읍,경상사고,0,0,1,0,차대차 - 추돌,안전운전불이행,건조,맑음,교차로 - 교차로부근,승용,남,48세,상해없음,승용,남,45세,경상
음주운전,2.02105E+15,2021년 5월 1일 01시,토요일,부산광역시 사하구 신평동,중상사고,0,1,0,0,차량단독 - 공작물충돌,신호위반,젖음/습기,비,교차로 - 교차로안,승용,여,42세,상해없음,,,,
음주운전,2021050100100353,2021년 5월 1일 17시,토요일,부산광역시 사하구 하단동,중상사고,0,4,7,1,차량단독 - 공작물충돌,안전운전불이행,건조,맑음,단일로 - 기타,승합,남,71세,상해없음,,,,
음주운전,2021050100100392,2021년 5월 1일 18시,토요일,부산광역시 북구 만덕동,경상사고,0,0,2,0,차대차 - 기타,안전운전불이행,건조,맑음,단일로 - 기타,승용,남,58세,상해없음,승용,남,29세,경상
음주운전,2021050200100035,2021년 5월 2일 04시,일요일,부산광역시 사상구 학장동,경상사고,0,0,2,1,차대차 - 추돌,안전운전불이행,건조,맑음,교차로 - 교차로부근,승용,남,25세,상해없음,승용,남,62세,부상신고
음주운전,2021050200100059,2021년 5월 2일 08시,일요일,부산광역시 부산진구 범천동,경상사고,0,0,1,0,차대차 - 측면충돌,안전운전불이행,젖음/습기,흐림,교차로 - 교차로안,승용,남,29세,상해없음,승용,남,68세,경상
음주운전,2021050400100017,2021년 5월 4일 02시,화요일,부산광역시 부산진구 부전동,중상사고,0,1,0,0,차대사람 - 보도통행중,기타,건조,맑음,단일로 - 기타,승용,남,25세,상해없음,보행자,남,58세,중상
음주운전,2021050400100592,2021년 5월 4일 21시,화요일,부산광역시 동래구 안락동,경상사고,0,0,1,0,차대차 - 추돌,안전거리미확보,젖음/습기,비,단일로 - 기타,승용,남,59세,상해없음,승용,남,70세,경상
음주운전,2021050400100596,2021년 5월 4일 21시,화요일,부산광역시 기장군 정관읍,경상사고,0,0,1,0,차대차 - 추돌,안전운전불이행,젖음/습기,비,단일로 - 기타,화물,남,46세,상해없음,원동기,남,42세,경상
음주운전,2021050400100641,2021년 5월 4일 22시,화요일,부산광역시 연제구 연산동,경상사고,0,0,1,1,차대차 - 추돌,안전운전불이행,젖음/습기,비,단일로 - 기타,승용,남,61세,상해없음,승용,남,37세,부상신고
음주운전,2021050400100642,2021년 5월 4일 22시,화요일,부산광역시 강서구 명지동,중상사고,0,1,0,0,차대차 - 추돌,안전운전불이행,젖음/습기,비,단일로 - 기타,승용,남,37세,상해없음,이륜,남,28세,중상
음주운전,2021050400100692,2021년 5월 4일 23시,화요일,부산광역시 해운대구 우동,경상사고,0,0,1,0,차대차 - 추돌,안전운전불이행,젖음/습기,비,교차로 - 교차로부근,승용,남,47세,상해없음,승용,남,44세,경상
음주운전,2021050500100036,2021년 5월 5일 02시,수요일,부산광역시 수영구 망미동,경상사고,0,0,1,0,차대차 - 측면충돌,안전거리미확보,젖음/습기,비,단일로 - 기타,승용,남,32세,기타불명,승용,남,55세,경상
음주운전,2.02105E+15,2021년 5월 5일 19시,수요일,부산광역시 남구 대연동,중상사고,0,1,0,0,차대사람 - 기타,안전운전불이행,건조,기타,단일로 - 기타,승용,남,61세,상해없음,보행자,여,52세,중상
음주운전,2.02105E+15,2021년 5월 6일 21시,목요일,부산광역시 사하구 감천동,경상사고,0,0,1,0,차대사람 - 차도통행중,안전운전불이행,건조,흐림,단일로 - 지하차도(도로)내,이륜,남,27세,상해없음,보행자,남,68세,경상
음주운전,2021050600100542,2021년 5월 6일 22시,목요일,부산광역시 동래구 안락동,경상사고,0,0,1,0,차대차 - 기타,안전운전불이행,건조,맑음,단일로 - 기타,이륜,남,22세,상해없음,승용,남,43세,상해없음
음주운전,2021050700100003,2021년 5월 7일 00시,금요일,부산광역시 해운대구 우동,경상사고,0,0,1,0,차대차 - 추돌,안전운전불이행,건조,맑음,단일로 - 기타,승용,남,43세,상해없음,승용,여,32세,경상
음주운전,2021050900100001,2021년 5월 9일 00시,일요일,부산광역시 기장군 기장읍,중상사고,0,1,1,0,차대차 - 기타,안전운전불이행,건조,맑음,교차로 - 교차로안,화물,남,53세,상해없음,승용,남,40세,중상
음주운전,2021050900100414,2021년 5월 9일 19시,일요일,부산광역시 사하구 하단동,경상사고,0,0,2,1,차대차 - 기타,안전운전불이행,건조,맑음,단일로 - 기타,이륜,남,27세,경상,승용,남,28세,부상신고
음주운전,2021051000100508,2021년 5월 10일 21시,월요일,부산광역시 해운대구 반여동,경상사고,0,0,1,0,차대차 - 기타,중앙선침범,건조,맑음,교차로 - 교차로부근,이륜,남,34세,상해없음,이륜,남,30세,경상
음주운전,2.02105E+15,2021년 5월 11일 17시,화요일,부산광역시 부산진구 양정동,중상사고,0,1,0,0,차대차 - 측면충돌,신호위반,건조,맑음,교차로 - 교차로안,승용,남,38세,상해없음,승용,여,45세,중상
음주운전,2021051300100576,2021년 5월 13일 21시,목요일,부산광역시 수영구 남천동,중상사고,0,1,0,0,차대사람 - 횡단중,안전운전불이행,건조,맑음,교차로 - 교차로안,승용,남,62세,상해없음,보행자,남,40세,중상
음주운전,2021051400100614,2021년 5월 14일 20시,금요일,부산광역시 북구 덕천동,부상신고사고,0,0,0,1,차대차 - 기타,안전운전불이행,건조,맑음,단일로 - 기타,승용,남,27세,상해없음,승용,여,31세,기타불명
음주운전,2021051400100683,2021년 5월 14일 22시,금요일,부산광역시 부산진구 범천동,경상사고,0,0,1,0,차대차 - 기타,안전운전불이행,건조,맑음,기타 - 기타,승용,남,41세,상해없음,승용,여,43세,경상
음주운전,2021051500100037,2021년 5월 15일 04시,토요일,부산광역시 남구 문현동,경상사고,0,0,2,0,차대차 - 정면충돌,중앙선침범,젖음/습기,비,단일로 - 기타,승용,남,28세,상해없음,특수,남,55세,상해없음
음주운전,2021051500100435,2021년 5월 15일 18시,토요일,부산광역시 동래구 명장동,경상사고,0,0,2,0,차대차 - 추돌,안전운전불이행,건조,맑음,단일로 - 기타,승용,남,35세,상해없음,승용,남,29세,경상
음주운전,2021051500100436,2021년 5월 15일 18시,토요일,부산광역시 해운대구 좌동,경상사고,0,0,1,0,차대차 - 기타,신호위반,젖음/습기,비,교차로 - 교차로안,승용,남,25세,상해없음,승용,여,49세,경상
음주운전,2021051700100009,2021년 5월 17일 01시,월요일,부산광역시 해운대구 우동,중상사고,0,1,0,0,차대차 - 측면충돌,신호위반,젖음/습기,흐림,교차로 - 교차로안,승용,남,48세,상해없음,승용,남,35세,중상
음주운전,2021051700100483,2021년 5월 17일 21시,월요일,부산광역시 사하구 괴정동,중상사고,0,1,0,0,차대사람 - 횡단중,신호위반,건조,맑음,단일로 - 기타,승용,남,41세,상해없음,보행자,여,69세,중상
음주운전,2021051700100484,2021년 5월 17일 21시,월요일,부산광역시 연제구 거제동,경상사고,0,0,1,0,차대차 - 추돌,안전운전불이행,젖음/습기,비,교차로 - 교차로부근,승용,남,50세,상해없음,승용,남,61세,경상
음주운전,2021051700100485,2021년 5월 17일 21시,월요일,부산광역시 기장군 일광면,중상사고,0,3,0,0,차대차 - 정면충돌,중앙선침범,젖음/습기,비,단일로 - 기타,승용,남,38세,상해없음,승용,남,33세,중상
음주운전,2021051700100512,2021년 5월 17일 22시,월요일,부산광역시 부산진구 양정동,경상사고,0,0,1,0,차대차 - 추돌,안전운전불이행,젖음/습기,맑음,단일로 - 기타,승용,남,22세,상해없음,승용,남,33세,경상
음주운전,2021051800100546,2021년 5월 18일 21시,화요일,부산광역시 해운대구 중동,경상사고,0,0,6,0,차대차 - 추돌,안전운전불이행,건조,맑음,교차로 - 교차로부근,승용,남,61세,상해없음,승용,여,55세,경상
음주운전,2021051800100547,2021년 5월 18일 21시,화요일,부산광역시 사상구 주례동,중상사고,0,1,0,0,차대차 - 추돌,안전운전불이행,건조,맑음,단일로 - 기타,이륜,남,40세,중상,승합,남,65세,상해없음
음주운전,2021051900100158,2021년 5월 19일 11시,수요일,부산광역시 부산진구 가야동,경상사고,0,0,1,0,차대차 - 추돌,안전운전불이행,건조,맑음,단일로 - 기타,승용,남,71세,상해없음,승용,남,53세,상해없음
음주운전,2021052000100204,2021년 5월 20일 13시,목요일,부산광역시 수영구 광안동,경상사고,0,0,1,0,차대차 - 정면충돌,안전운전불이행,젖음/습기,비,교차로 - 교차로안,승용,남,62세,상해없음,특수,남,41세,경상
음주운전,2021052000100557,2021년 5월 20일 23시,목요일,부산광역시 해운대구 재송동,중상사고,0,1,0,0,차대차 - 추돌,안전운전불이행,젖음/습기,비,단일로 - 기타,이륜,남,37세,중상,승용,남,57세,기타불명
음주운전,2021052100100588,2021년 5월 21일 23시,금요일,부산광역시 남구 용당동,경상사고,0,0,2,0,차대차 - 추돌,안전운전불이행,건조,맑음,단일로 - 기타,승용,여,51세,기타불명,승용,남,38세,경상
음주운전,2021052300100383,2021년 5월 23일 21시,일요일,부산광역시 강서구 명지동,경상사고,0,0,1,0,차대사람 - 기타,안전운전불이행,건조,맑음,단일로 - 기타,승용,남,62세,상해없음,보행자,남,31세,경상
음주운전,2021052400100492,2021년 5월 24일 20시,월요일,부산광역시 사하구 장림동,경상사고,0,0,1,0,차대차 - 기타,신호위반,건조,맑음,교차로 - 교차로안,승용,남,41세,기타불명,승용,남,35세,경상
음주운전,2021052500100032,2021년 5월 25일 04시,화요일,부산광역시 해운대구 좌동,경상사고,0,0,1,0,차대사람 - 횡단중,보행자보호의무위반,건조,맑음,교차로 - 교차로안,승용,남,28세,상해없음,보행자,여,65세,경상
음주운전,2021052600100528,2021년 5월 26일 22시,수요일,부산광역시 사하구 장림동,중상사고,0,1,1,0,차대사람 - 횡단중,보행자보호의무위반,건조,맑음,단일로 - 기타,승용,남,52세,상해없음,보행자,여,47세,경상
음주운전,2.02105E+15,2021년 5월 27일 21시,목요일,부산광역시 기장군 정관읍,경상사고,0,0,1,0,차대차 - 추돌,안전운전불이행,건조,맑음,교차로 - 교차로부근,화물,남,47세,상해없음,승용,여,45세,경상
음주운전,2021052800100019,2021년 5월 28일 02시,금요일,부산광역시 사하구 괴정동,부상신고사고,0,0,0,1,차대차 - 측면충돌,안전운전불이행,건조,맑음,단일로 - 기타,이륜,남,24세,부상신고,화물,남,43세,기타불명
음주운전,2021052800100537,2021년 5월 28일 20시,금요일,부산광역시 중구 중앙동6가,경상사고,0,0,2,0,차대차 - 측면충돌,안전운전불이행,건조,흐림,단일로 - 기타,승용,남,47세,상해없음,승용,남,61세,경상
음주운전,2021052800100614,2021년 5월 28일 23시,금요일,부산광역시 남구 문현동,경상사고,0,0,1,0,차대차 - 추돌,안전운전불이행,건조,맑음,단일로 - 기타,승용,남,44세,상해없음,승용,남,35세,경상
음주운전,2021052900100543,2021년 5월 29일 22시,토요일,부산광역시 남구 문현동,중상사고,0,2,0,0,차대차 - 측면충돌,안전운전불이행,건조,맑음,단일로 - 기타,승용,남,31세,상해없음,승용,남,39세,중상
음주운전,2021053100100502,2021년 5월 31일 21시,월요일,부산광역시 금정구 금사동,경상사고,0,0,1,0,차대차 - 추돌,안전운전불이행,건조,맑음,단일로 - 기타,특수,남,56세,상해없음,승용,남,51세,경상
음주운전,2021060100100029,2021년 6월 1일 03시,화요일,부산광역시 해운대구 우동,경상사고,0,0,1,0,차대차 - 측면충돌,안전거리미확보,건조,맑음,단일로 - 기타,승용,남,41세,상해없음,승용,남,54세,경상
음주운전,2021060100100615,2021년 6월 1일 23시,화요일,부산광역시 중구 중앙동6가,경상사고,0,0,2,0,차대차 - 측면충돌,안전운전불이행,건조,맑음,단일로 - 지하차도(도로)내,승용,남,35세,상해없음,승용,남,50세,경상
음주운전,2021060400100344,2021년 6월 4일 15시,금요일,부산광역시 해운대구 우동,경상사고,0,0,2,0,차대차 - 추돌,안전운전불이행,건조,맑음,교차로 - 교차로부근,승용,남,26세,상해없음,승용,남,54세,경상
음주운전,2021060400100649,2021년 6월 4일 22시,금요일,부산광역시 영도구 봉래동5가,중상사고,0,1,1,0,차량단독 - 전도전복 - 전도,안전운전불이행,건조,맑음,단일로 - 기타,이륜,남,36세,경상,,,,
음주운전,2021060500100038,2021년 6월 5일 03시,토요일,부산광역시 부산진구 가야동,중상사고,0,3,0,0,차대사람 - 횡단중,신호위반,건조,맑음,교차로 - 교차로부근,이륜,남,27세,중상,보행자,남,57세,중상
음주운전,2021060500100127,2021년 6월 5일 10시,토요일,부산광역시 해운대구 반여동,경상사고,0,0,2,0,차대차 - 측면충돌,안전운전불이행,건조,맑음,교차로 - 교차로부근,승용,남,49세,상해없음,승용,여,49세,경상
음주운전,2021060500100485,2021년 6월 5일 18시,토요일,부산광역시 부산진구 부전동,부상신고사고,0,0,0,1,차량단독 - 기타,안전운전불이행,건조,맑음,단일로 - 기타,이륜,남,37세,부상신고,,,,
음주운전,2021060500100603,2021년 6월 5일 23시,토요일,부산광역시 수영구 남천동,경상사고,0,0,1,0,차대차 - 추돌,안전운전불이행,건조,맑음,교차로 - 교차로부근,승용,남,42세,상해없음,승용,남,29세,경상
음주운전,2021060500100604,2021년 6월 5일 23시,토요일,부산광역시 영도구 청학동,중상사고,0,2,0,0,차대차 - 추돌,안전거리미확보,건조,맑음,기타 - 기타,승용,여,27세,상해없음,승합,남,62세,중상
음주운전,2.02106E+15,2021년 6월 6일 20시,일요일,부산광역시 사하구 다대동,경상사고,0,0,1,0,차대차 - 추돌,안전운전불이행,건조,맑음,단일로 - 기타,승용,남,28세,상해없음,승용,남,32세,경상
음주운전,2021060900100001,2021년 6월 9일 00시,수요일,부산광역시 사하구 괴정동,중상사고,0,1,0,0,차량단독 - 공작물충돌,안전운전불이행,건조,맑음,교차로 - 교차로부근,이륜,남,19세,중상,,,,
음주운전,2.02106E+15,2021년 6월 9일 13시,수요일,부산광역시 사하구 다대동,경상사고,0,0,2,0,차대차 - 추돌,중앙선침범,건조,맑음,교차로 - 교차로안,승용,남,54세,상해없음,승용,여,55세,경상
음주운전,2021061100100002,2021년 6월 11일 00시,금요일,부산광역시 부산진구 전포동,경상사고,0,0,1,0,차대차 - 기타,안전운전불이행,기타,맑음,단일로 - 기타,승용,남,39세,상해없음,화물,남,38세,경상
음주운전,2021061100100282,2021년 6월 11일 14시,금요일,부산광역시 해운대구 우동,중상사고,0,1,0,0,차대차 - 추돌,안전운전불이행,젖음/습기,비,교차로 - 교차로부근,화물,남,53세,상해없음,승용,여,75세,중상
음주운전,2021061100100593,2021년 6월 11일 22시,금요일,부산광역시 금정구 장전동,경상사고,0,0,2,0,차대차 - 추돌,안전운전불이행,젖음/습기,비,단일로 - 기타,화물,남,40세,상해없음,승합,남,44세,경상