사고부문,사고번호,사고일시,요일,시군구,사고내용,사망자수,중상자수,경상자수,부상신고자수,사고유형,법규위반,노면상태,기상상태,도로형태,가해운전자 차종,가해운전자 성별,가해운전자 연령,가해운전자 상해정도,피해운전자 차종,피해운전자 성별,피해운전자 연령,피해운전자 상해정도
음주운전,2021081500100395,2021년 8월 15일 22시,일요일,부산광역시 북구 구포동,경상사고,0,0,1,0,차대차 - 측면충돌,안전운전불이행,건조,맑음,교차로 - 교차로안,승용,남,51세,상해없음,승용,남,67세,경상
음주운전,2021081600100236,2021년 8월 16일 15시,월요일,부산광역시 영도구 청학동,부상신고사고,0,0,0,1,차량단독 - 전도전복 - 전도,안전운전불이행,건조,맑음,단일로 - 기타,이륜,남,61세,부상신고,,,,
음주운전,2.02108E+15,2021년 8월 17일 14시,화요일,부산광역시 북구 금곡동,경상사고,0,0,2,0,차대차 - 추돌,안전운전불이행,건조,맑음,단일로 - 기타,승용,여,61세,상해없음,승용,남,28세,경상
음주운전,2021081800100524,2021년 8월 18일 21시,수요일,부산광역시 기장군 정관읍,중상사고,0,1,0,0,차대차 - 추돌,안전운전불이행,건조,맑음,단일로 - 기타,승용,남,41세,상해없음,승용,여,49세,중상
음주운전,2.02108E+15,2021년 8월 18일 22시,수요일,부산광역시 부산진구 양정동,부상신고사고,0,0,0,1,차량단독 - 기타,안전운전불이행,젖음/습기,비,단일로 - 기타,이륜,남,20세,부상신고,,,,
음주운전,2021081800100551,2021년 8월 18일 22시,수요일,부산광역시 사상구 괘법동,경상사고,0,0,1,0,차대차 - 추돌,교차로운행방법위반,건조,맑음,교차로 - 교차로안,승용,여,40세,상해없음,승용,남,25세,경상
음주운전,2021081900100581,2021년 8월 19일 23시,목요일,부산광역시 연제구 연산동,경상사고,0,0,1,0,차대차 - 추돌,안전운전불이행,건조,맑음,단일로 - 기타,승용,남,43세,상해없음,승용,남,33세,경상
음주운전,2021082100100201,2021년 8월 21일 13시,토요일,부산광역시 금정구 노포동,경상사고,0,0,3,0,차대차 - 측면충돌,안전운전불이행,젖음/습기,비,단일로 - 기타,승용,남,55세,상해없음,승용,여,44세,경상
음주운전,2021082100100367,2021년 8월 21일 18시,토요일,부산광역시 북구 구포동,경상사고,0,0,1,0,차대차 - 기타,안전운전불이행,건조,맑음,교차로 - 교차로안,승용,여,49세,상해없음,승용,남,58세,경상
음주운전,2021082100100452,2021년 8월 21일 21시,토요일,부산광역시 수영구 광안동,중상사고,0,1,0,0,차대사람 - 보도통행중,안전운전불이행,젖음/습기,비,교차로 - 교차로횡단보도내,특수,남,47세,상해없음,보행자,여,28세,중상
음주운전,2021082100100514,2021년 8월 21일 23시,토요일,부산광역시 기장군 일광면,경상사고,0,0,1,0,차대차 - 추돌,안전운전불이행,건조,맑음,교차로 - 교차로안,승용,남,44세,상해없음,승용,남,27세,경상
음주운전,2021082300100078,2021년 8월 23일 09시,월요일,부산광역시 북구 덕천동,경상사고,0,0,2,0,차대차 - 기타,신호위반,건조,흐림,교차로 - 교차로안,화물,남,55세,경상,승용,남,24세,경상
음주운전,2021082300100318,2021년 8월 23일 16시,월요일,부산광역시 사하구 다대동,중상사고,0,1,0,0,차대차 - 추돌,안전운전불이행,젖음/습기,비,단일로 - 기타,승용,남,58세,상해없음,이륜,남,46세,중상
음주운전,2021082600100495,2021년 8월 26일 20시,목요일,부산광역시 동래구 복천동,경상사고,0,0,1,0,차대차 - 추돌,안전운전불이행,건조,맑음,단일로 - 기타,승용,남,54세,상해없음,승용,여,70세,경상
음주운전,2021082600100496,2021년 8월 26일 20시,목요일,부산광역시 연제구 연산동,경상사고,0,0,3,0,차대차 - 정면충돌,중앙선침범,건조,맑음,단일로 - 기타,승용,남,49세,상해없음,승용,남,69세,경상
음주운전,2021082700100523,2021년 8월 27일 21시,금요일,부산광역시 북구 구포동,경상사고,0,0,1,0,차대차 - 정면충돌,안전운전불이행,건조,맑음,단일로 - 기타,승용,남,59세,상해없음,승합,남,42세,경상
음주운전,2021082700100561,2021년 8월 27일 22시,금요일,부산광역시 사하구 당리동,중상사고,0,1,0,0,차대사람 - 횡단중,안전운전불이행,건조,맑음,단일로 - 기타,승용,남,36세,상해없음,보행자,남,35세,중상
음주운전,2.02108E+15,2021년 8월 28일 04시,토요일,부산광역시 부산진구 전포동,경상사고,0,0,1,0,차대차 - 정면충돌,안전운전불이행,건조,맑음,단일로 - 기타,승용,남,32세,상해없음,화물,남,32세,경상
음주운전,2021082800100537,2021년 8월 28일 23시,토요일,부산광역시 부산진구 부암동,경상사고,0,0,2,0,차대차 - 추돌,안전운전불이행,건조,맑음,교차로 - 교차로부근,승용,남,17세,상해없음,승용,남,31세,경상
음주운전,2021083000100027,2021년 8월 30일 06시,월요일,부산광역시 금정구 남산동,경상사고,0,0,2,0,차대차 - 추돌,안전운전불이행,건조,맑음,기타 - 기타,승용,남,23세,상해없음,승용,남,61세,경상
음주운전,2021083000100532,2021년 8월 30일 22시,월요일,부산광역시 해운대구 우동,경상사고,0,0,1,0,차대차 - 추돌,안전운전불이행,젖음/습기,비,교차로 - 교차로부근,승용,여,37세,상해없음,승용,남,73세,경상
음주운전,2021083100100011,2021년 8월 31일 01시,화요일,부산광역시 사하구 하단동,경상사고,0,0,1,0,차대차 - 추돌,안전운전불이행,건조,맑음,단일로 - 기타,승용,남,35세,상해없음,이륜,남,30세,경상
음주운전,2021083100100019,2021년 8월 31일 03시,화요일,부산광역시 동래구 온천동,경상사고,0,0,1,0,차대차 - 추돌,안전운전불이행,건조,맑음,교차로 - 교차로부근,승용,여,45세,상해없음,승용,남,28세,경상
음주운전,2021090300100012,2021년 9월 3일 01시,금요일,부산광역시 부산진구 양정동,중상사고,0,1,0,0,차량단독 - 전도전복 - 전도,안전운전불이행,젖음/습기,비,단일로 - 기타,원동기,남,61세,중상,,,,
음주운전,2.02109E+15,2021년 9월 3일 08시,금요일,부산광역시 부산진구 범전동,경상사고,0,0,3,0,차대차 - 추돌,안전운전불이행,건조,맑음,교차로 - 교차로안,승용,남,51세,상해없음,승합,남,70세,경상
음주운전,2021090400100406,2021년 9월 4일 19시,토요일,부산광역시 기장군 일광면,경상사고,0,0,1,0,차대사람 - 횡단중,보행자보호의무위반,건조,맑음,단일로 - 기타,개인형이동수단(PM),남,38세,상해없음,보행자,남,63세,경상
음주운전,2021090500100255,2021년 9월 5일 17시,일요일,부산광역시 수영구 남천동,경상사고,0,0,1,0,차대차 - 측면충돌,안전거리미확보,건조,맑음,단일로 - 교량,승용,남,50세,상해없음,승용,남,29세,경상
음주운전,2021090600100004,2021년 9월 6일 00시,월요일,부산광역시 남구 대연동,중상사고,0,1,0,0,차대차 - 기타,안전운전불이행,건조,맑음,교차로 - 교차로안,이륜,남,24세,상해없음,이륜,남,52세,중상
음주운전,2.02109E+15,2021년 9월 6일 18시,월요일,부산광역시 연제구 거제동,경상사고,0,0,1,0,차대차 - 추돌,안전운전불이행,건조,맑음,단일로 - 기타,승용,남,63세,상해없음,승용,남,62세,경상
음주운전,2021090700100004,2021년 9월 7일 00시,화요일,부산광역시 해운대구 좌동,경상사고,0,0,3,1,차대차 - 측면충돌,안전거리미확보,건조,맑음,교차로 - 교차로부근,이륜,남,40세,부상신고,승용,여,26세,경상
음주운전,2021090700100309,2021년 9월 7일 15시,화요일,부산광역시 중구 영주동,경상사고,0,0,1,0,차대차 - 추돌,안전운전불이행,젖음/습기,비,단일로 - 기타,특수,남,41세,상해없음,승용,남,41세,경상
음주운전,2021090800100015,2021년 9월 8일 01시,수요일,부산광역시 강서구 봉림동,중상사고,0,3,0,0,차량단독 - 기타,안전운전불이행,건조,맑음,단일로 - 기타,승용,남,19세,상해없음,,,,
음주운전,2021090800100309,2021년 9월 8일 14시,수요일,부산광역시 서구 아미동2가,경상사고,0,0,1,0,차대차 - 측면충돌,직진우회전진행방해,건조,맑음,교차로 - 교차로안,원동기,남,69세,상해없음,원동기,남,58세,경상
음주운전,2021090800100606,2021년 9월 8일 21시,수요일,부산광역시 남구 용당동,경상사고,0,0,1,0,차대차 - 추돌,안전운전불이행,건조,맑음,단일로 - 기타,승용,남,53세,상해없음,승용,남,52세,경상
음주운전,2.02109E+15,2021년 9월 8일 22시,수요일,부산광역시 부산진구 개금동,경상사고,0,0,4,0,차대차 - 기타,신호위반,건조,맑음,교차로 - 교차로안,승용,남,51세,상해없음,승용,남,59세,경상
음주운전,2.02109E+15,2021년 9월 10일 10시,금요일,부산광역시 기장군 정관읍,경상사고,0,0,1,0,차대차 - 추돌,안전운전불이행,건조,맑음,단일로 - 기타,승용,여,21세,상해없음,승용,남,50세,경상
음주운전,2021091000100274,2021년 9월 10일 14시,금요일,부산광역시 금정구 노포동,경상사고,0,0,1,0,차대차 - 추돌,안전운전불이행,건조,맑음,교차로 - 교차로부근,화물,남,52세,상해없음,승용,여,53세,경상
음주운전,2021091000100623,2021년 9월 10일 22시,금요일,부산광역시 기장군 정관읍,경상사고,0,0,1,0,차대차 - 추돌,안전운전불이행,건조,맑음,교차로 - 교차로부근,승용,남,41세,상해없음,승용,남,36세,경상
음주운전,2021091100100037,2021년 9월 11일 06시,토요일,부산광역시 사상구 덕포동,경상사고,0,0,1,0,차대차 - 추돌,안전거리미확보,건조,맑음,교차로 - 교차로부근,화물,남,37세,상해없음,승용,남,62세,경상
음주운전,2021091100100325,2021년 9월 11일 14시,토요일,부산광역시 사하구 신평동,중상사고,0,1,0,0,차대사람 - 기타,안전운전불이행,건조,맑음,단일로 - 기타,승용,여,45세,상해없음,보행자,여,61세,중상
음주운전,2.02109E+15,2021년 9월 11일 17시,토요일,부산광역시 해운대구 석대동,경상사고,0,0,2,0,차대차 - 추돌,안전운전불이행,건조,맑음,단일로 - 고가도로위,승용,남,62세,기타불명,승용,남,63세,상해없음
음주운전,2021091100100627,2021년 9월 11일 21시,토요일,부산광역시 부산진구 부전동,경상사고,0,0,1,0,차대사람 - 보도통행중,안전운전불이행,건조,맑음,기타 - 기타,승용,남,28세,상해없음,보행자,남,20세,경상
음주운전,2021091100100629,2021년 9월 11일 21시,토요일,부산광역시 사상구 주례동,경상사고,0,0,4,0,차대차 - 정면충돌,중앙선침범,건조,맑음,교차로 - 교차로부근,승용,남,56세,상해없음,승용,남,38세,경상
음주운전,2021091100100659,2021년 9월 11일 22시,토요일,부산광역시 남구 대연동,경상사고,0,0,1,0,차대차 - 측면충돌,안전운전불이행,건조,맑음,교차로 - 교차로안,이륜,남,23세,상해없음,원동기,남,28세,경상
음주운전,2.02109E+15,2021년 9월 13일 20시,월요일,부산광역시 기장군 기장읍,경상사고,0,0,2,0,차대차 - 추돌,안전운전불이행,건조,맑음,기타 - 기타,승용,남,40세,상해없음,승용,남,30세,경상
음주운전,2021091300100634,2021년 9월 13일 22시,월요일,부산광역시 서구 서대신동2가,경상사고,0,0,1,0,차대차 - 측면충돌,신호위반,건조,맑음,교차로 - 교차로안,승용,남,42세,상해없음,승용,남,29세,경상
음주운전,2021091300100635,2021년 9월 13일 22시,월요일,부산광역시 남구 용호동,경상사고,0,0,1,0,차대차 - 측면충돌,안전운전불이행,건조,맑음,단일로 - 기타,승용,남,34세,상해없음,승용,남,52세,경상
음주운전,2021091400100002,2021년 9월 14일 00시,화요일,부산광역시 사하구 장림동,경상사고,0,0,1,1,차대차 - 기타,안전운전불이행,건조,맑음,단일로 - 교량,승용,여,40세,상해없음,승용,남,63세,경상
음주운전,2021091400100499,2021년 9월 14일 17시,화요일,부산광역시 사상구 감전동,경상사고,0,0,1,1,차대차 - 추돌,안전운전불이행,건조,맑음,교차로 - 교차로부근,승용,남,53세,상해없음,승용,남,29세,상해없음
음주운전,2021091400100703,2021년 9월 14일 22시,화요일,부산광역시 동구 좌천동,경상사고,0,0,1,0,차대차 - 추돌,안전운전불이행,건조,맑음,단일로 - 고가도로위,승용,남,38세,상해없음,승용,여,47세,경상
음주운전,2021091400100704,2021년 9월 14일 22시,화요일,부산광역시 남구 대연동,경상사고,0,0,1,0,차대차 - 추돌,안전거리미확보,젖음/습기,비,단일로 - 터널,승용,남,41세,상해없음,승용,남,56세,경상
음주운전,2021091400100723,2021년 9월 14일 23시,화요일,부산광역시 남구 대연동,경상사고,0,0,1,0,차대차 - 추돌,안전운전불이행,건조,맑음,교차로 - 교차로안,승용,여,48세,기타불명,승용,남,58세,경상
음주운전,2021091500100697,2021년 9월 15일 21시,수요일,부산광역시 강서구 명지동,경상사고,0,0,1,1,차대차 - 추돌,안전운전불이행,건조,맑음,교차로 - 교차로안,승용,여,46세,상해없음,화물,남,37세,경상
음주운전,2021091600100666,2021년 9월 16일 22시,목요일,부산광역시 부산진구 범전동,경상사고,0,0,3,0,차대차 - 추돌,안전운전불이행,젖음/습기,비,교차로 - 교차로부근,승용,남,47세,상해없음,승용,남,64세,경상
음주운전,2021091700100777,2021년 9월 17일 22시,금요일,부산광역시 사상구 엄궁동,중상사고,0,1,3,0,차대차 - 추돌,안전운전불이행,건조,맑음,교차로 - 교차로부근,승용,남,37세,상해없음,승용,남,37세,경상
음주운전,2021091700100801,2021년 9월 17일 23시,금요일,부산광역시 북구 덕천동,경상사고,0,0,3,0,차대차 - 추돌,안전운전불이행,건조,맑음,단일로 - 기타,승용,여,50세,상해없음,승용,여,47세,경상
음주운전,2021091800100003,2021년 9월 18일 00시,토요일,부산광역시 금정구 구서동,경상사고,0,0,1,0,차량단독 - 기타,안전운전불이행,건조,맑음,교차로 - 교차로안,이륜,남,26세,경상,,,,
음주운전,2021091800100511,2021년 9월 18일 18시,토요일,부산광역시 부산진구 가야동,경상사고,0,0,1,0,차대차 - 측면충돌,신호위반,건조,맑음,교차로 - 교차로안,승용,남,27세,상해없음,승합,남,61세,상해없음
음주운전,2.02109E+15,2021년 9월 18일 22시,토요일,부산광역시 강서구 강동동,중상사고,0,1,0,0,차대차 - 추돌,안전운전불이행,건조,맑음,단일로 - 기타,승용,남,39세,상해없음,승용,여,50세,중상
음주운전,2021091900100008,2021년 9월 19일 01시,일요일,부산광역시 해운대구 중동,경상사고,0,0,2,0,차대차 - 측면충돌,신호위반,건조,맑음,단일로 - 기타,승용,남,35세,상해없음,승용,남,42세,상해없음
음주운전,2021091900100035,2021년 9월 19일 06시,일요일,부산광역시 수영구 민락동,부상신고사고,0,0,0,1,차대차 - 기타,안전운전불이행,건조,맑음,단일로 - 기타,이륜,여,56세,부상신고,승용,남,37세,상해없음
음주운전,2021091900100373,2021년 9월 19일 19시,일요일,부산광역시 강서구 강동동,중상사고,0,1,0,0,차대차 - 기타,안전운전불이행,건조,맑음,단일로 - 기타,승용,남,63세,기타불명,승용,남,71세,중상
음주운전,2021092000100408,2021년 9월 20일 21시,월요일,부산광역시 강서구 명지동,경상사고,0,0,3,0,차대차 - 추돌,안전운전불이행,건조,맑음,단일로 - 교량,승용,남,46세,기타불명,승용,남,41세,경상
음주운전,2021092100100193,2021년 9월 21일 16시,화요일,부산광역시 사상구 모라동,경상사고,0,0,1,0,차대차 - 추돌,안전운전불이행,건조,맑음,단일로 - 기타,화물,남,65세,기타불명,승용,남,53세,경상
음주운전,2021092300100026,2021년 9월 23일 06시,목요일,부산광역시 금정구 부곡동,경상사고,0,0,1,0,차대차 - 기타,안전운전불이행,건조,맑음,교차로 - 교차로안,이륜,남,22세,경상,화물,남,61세,상해없음
음주운전,2021092400100002,2021년 9월 24일 00시,금요일,부산광역시 영도구 봉래동2가,경상사고,0,0,1,0,차대차 - 기타,안전운전불이행,건조,맑음,단일로 - 기타,이륜,남,20세,상해없음,화물,남,24세,경상
음주운전,2021092400100552,2021년 9월 24일 22시,금요일,부산광역시 서구 암남동,경상사고,0,0,1,0,차대차 - 측면충돌,안전운전불이행,건조,맑음,단일로 - 기타,승용,남,56세,상해없음,자전거,남,55세,경상
음주운전,2021092400100573,2021년 9월 24일 23시,금요일,부산광역시 부산진구 양정동,경상사고,0,0,1,0,차대차 - 추돌,안전운전불이행,건조,맑음,단일로 - 기타,승용,여,47세,상해없음,승용,남,62세,경상
음주운전,2021092500100297,2021년 9월 25일 17시,토요일,부산광역시 해운대구 반여동,경상사고,0,0,2,0,차대차 - 측면충돌,교차로운행방법위반,건조,맑음,교차로 - 교차로안,승용,여,53세,상해없음,승용,남,29세,경상
음주운전,2.02109E+15,2021년 9월 26일 05시,일요일,부산광역시 해운대구 우동,경상사고,0,0,1,0,차대사람 - 횡단중,안전운전불이행,건조,맑음,단일로 - 기타,승용,남,20세,상해없음,보행자,여,69세,경상
음주운전,2021092600100323,2021년 9월 26일 19시,일요일,부산광역시 남구 문현동,경상사고,0,0,2,0,차대차 - 기타,안전운전불이행,건조,맑음,교차로 - 교차로안,승용,남,61세,상해없음,승용,남,28세,경상
음주운전,2021092700100008,2021년 9월 27일 01시,월요일,부산광역시 영도구 동삼동,부상신고사고,0,0,0,1,차량단독 - 공작물충돌,안전운전불이행,건조,맑음,단일로 - 기타,승용,남,25세,부상신고,,,,
음주운전,2021092700100264,2021년 9월 27일 14시,월요일,부산광역시 사하구 당리동,경상사고,0,0,1,1,차대차 - 측면충돌,안전거리미확보,건조,맑음,단일로 - 기타,승용,남,70세,상해없음,승용,남,21세,부상신고
음주운전,2021092700100484,2021년 9월 27일 20시,월요일,부산광역시 남구 용호동,경상사고,0,0,1,0,차대차 - 추돌,안전거리미확보,건조,맑음,단일로 - 기타,화물,남,35세,상해없음,승용,여,58세,경상
음주운전,2021092800100463,2021년 9월 28일 19시,화요일,부산광역시 해운대구 좌동,중상사고,0,1,0,0,차대차 - 추돌,안전운전불이행,건조,맑음,교차로 - 교차로부근,승용,남,47세,상해없음,화물,남,41세,중상
음주운전,2021092900100017,2021년 9월 29일 02시,수요일,부산광역시 금정구 구서동,경상사고,0,0,1,0,차대사람 - 기타,안전운전불이행,건조,맑음,교차로 - 교차로부근,승용,남,25세,상해없음,보행자,여,19세,경상
음주운전,2021092900100275,2021년 9월 29일 14시,수요일,부산광역시 부산진구 초읍동,경상사고,0,0,1,0,차대차 - 추돌,안전운전불이행,건조,흐림,교차로 - 교차로안,승용,남,64세,상해없음,승용,남,73세,경상
음주운전,2021092900100529,2021년 9월 29일 20시,수요일,부산광역시 동래구 복천동,중상사고,0,1,0,0,차대차 - 추돌,중앙선침범,젖음/습기,비,단일로 - 기타,승용,남,41세,상해없음,이륜,남,22세,중상
음주운전,2021092900100629,2021년 9월 29일 23시,수요일,부산광역시 강서구 명지동,부상신고사고,0,0,0,1,차대차 - 추돌,안전운전불이행,젖음/습기,흐림,단일로 - 터널,승용,남,23세,상해없음,승용,남,32세,부상신고
음주운전,2021093000100062,2021년 9월 30일 07시,목요일,부산광역시 사하구 괴정동,경상사고,0,0,1,0,차대차 - 추돌,안전거리미확보,건조,맑음,기타 - 기타,승용,남,59세,상해없음,화물,남,64세,경상
음주운전,2021093000100633,2021년 9월 30일 22시,목요일,부산광역시 연제구 연산동,경상사고,0,0,1,0,차대차 - 측면충돌,중앙선침범,건조,맑음,교차로 - 교차로부근,이륜,남,20세,상해없음,승용,남,62세,경상
음주운전,2021100100100185,2021년 10월 1일 11시,금요일,부산광역시 해운대구 반송동,중상사고,0,1,0,0,차대사람 - 기타,안전운전불이행,건조,맑음,단일로 - 기타,승용,남,37세,상해없음,보행자,남,36세,중상
음주운전,2021100100100614,2021년 10월 1일 21시,금요일,부산광역시 강서구 대저1동,부상신고사고,0,0,0,1,차량단독 - 전도전복 - 전도,안전운전불이행,건조,맑음,단일로 - 기타,이륜,남,72세,부상신고,,,,
음주운전,2021100100100657,2021년 10월 1일 22시,금요일,부산광역시 부산진구 양정동,경상사고,0,0,3,0,차대차 - 추돌,안전운전불이행,건조,맑음,단일로 - 기타,승용,여,27세,상해없음,승용,남,45세,경상
음주운전,2.0211E+15,2021년 10월 2일 22시,토요일,부산광역시 남구 용호동,경상사고,0,0,1,0,차대차 - 추돌,안전운전불이행,건조,맑음,교차로 - 교차로부근,승용,남,38세,상해없음,승용,여,46세,경상
음주운전,2021100300100014,2021년 10월 3일 01시,일요일,부산광역시 해운대구 좌동,부상신고사고,0,0,0,1,차대차 - 추돌,안전운전불이행,건조,맑음,교차로 - 교차로부근,승용,남,31세,상해없음,승용,남,54세,부상신고
음주운전,2021100300100257,2021년 10월 3일 15시,일요일,부산광역시 사하구 괴정동,중상사고,0,1,0,1,차대사람 - 기타,안전운전불이행,건조,맑음,단일로 - 기타,자전거,남,64세,부상신고,보행자,여,78세,중상
음주운전,2021100300100355,2021년 10월 3일 18시,일요일,부산광역시 강서구 명지동,경상사고,0,0,1,0,차대차 - 정면충돌,중앙선침범,건조,맑음,단일로 - 기타,승용,남,59세,상해없음,승용,남,66세,경상
음주운전,2021100400100473,2021년 10월 4일 22시,월요일,부산광역시 해운대구 우동,경상사고,0,0,1,0,차대사람 - 기타,안전운전불이행,건조,맑음,단일로 - 기타,승용,남,27세,상해없음,보행자,남,46세,경상
음주운전,2021100400100474,2021년 10월 4일 22시,월요일,부산광역시 연제구 연산동,경상사고,0,0,4,0,차대차 - 추돌,안전운전불이행,건조,맑음,단일로 - 기타,승용,남,27세,상해없음,승용,남,43세,경상
음주운전,2021100500100034,2021년 10월 5일 07시,화요일,부산광역시 연제구 거제동,경상사고,0,0,1,0,차대차 - 추돌,안전운전불이행,건조,맑음,교차로 - 교차로부근,승용,남,72세,상해없음,이륜,남,56세,경상
음주운전,2.0211E+15,2021년 10월 5일 19시,화요일,부산광역시 금정구 서동,경상사고,0,0,1,0,차대차 - 측면충돌,신호위반,건조,맑음,교차로 - 교차로안,화물,남,62세,상해없음,승용,여,32세,경상
음주운전,2021100500100603,2021년 10월 5일 21시,화요일,부산광역시 영도구 청학동,경상사고,0,0,1,0,차대차 - 측면충돌,안전운전불이행,건조,맑음,단일로 - 기타,승용,남,33세,상해없음,승용,남,37세,경상
음주운전,2021100500100604,2021년 10월 5일 21시,화요일,부산광역시 사상구 주례동,경상사고,0,0,1,0,차대차 - 정면충돌,교차로운행방법위반,건조,맑음,교차로 - 교차로안,승합,남,55세,상해없음,승용,남,64세,경상
음주운전,2021100600100054,2021년 10월 6일 07시,수요일,부산광역시 남구 대연동,경상사고,0,0,1,0,차대차 - 추돌,안전운전불이행,건조,맑음,단일로 - 터널,승용,남,30세,상해없음,승용,남,61세,경상
음주운전,2021100700100599,2021년 10월 7일 23시,목요일,부산광역시 중구 남포동1가,중상사고,0,1,3,0,차대차 - 정면충돌,신호위반,건조,맑음,교차로 - 교차로안,승용,여,28세,중상,승합,남,59세,경상
음주운전,2.0211E+15,2021년 10월 8일 23시,금요일,부산광역시 기장군 기장읍,경상사고,0,0,2,0,차대차 - 추돌,안전운전불이행,건조,맑음,단일로 - 기타,승용,남,39세,상해없음,승용,여,22세,경상
음주운전,2021100900100016,2021년 10월 9일 02시,토요일,부산광역시 사상구 학장동,사망사고,1,0,0,0,차대사람 - 기타,안전운전불이행,건조,맑음,단일로 - 기타,승용,남,27세,상해없음,보행자,남,41세,사망
음주운전,2021100900100473,2021년 10월 9일 20시,토요일,부산광역시 사상구 덕포동,경상사고,0,0,2,0,차대차 - 추돌,안전운전불이행,건조,맑음,단일로 - 기타,승용,남,60세,상해없음,승용,남,32세,경상
음주운전,2021100900100565,2021년 10월 9일 23시,토요일,부산광역시 해운대구 송정동,경상사고,0,0,3,0,차대차 - 측면충돌,중앙선침범,건조,맑음,단일로 - 기타,승용,남,21세,상해없음,승용,남,45세,경상
음주운전,2021101000100002,2021년 10월 10일 00시,일요일,부산광역시 해운대구 중동,중상사고,0,1,3,0,차대차 - 기타,안전운전불이행,기타,맑음,기타 - 기타,승용,남,39세,상해없음,승용,여,29세,중상
음주운전,2021101000100065,2021년 10월 10일 09시,일요일,부산광역시 기장군 일광면,경상사고,0,0,1,0,차대차 - 후진중충돌,안전운전불이행,건조,맑음,교차로 - 교차로부근,승용,남,71세,상해없음,승용,남,38세,경상
음주운전,2021101000100232,2021년 10월 10일 15시,일요일,부산광역시 금정구 금사동,경상사고,0,0,1,0,차대차 - 측면충돌,직진우회전진행방해,건조,맑음,교차로 - 교차로안,화물,남,44세,상해없음,승용,남,64세,경상
음주운전,2021101000100387,2021년 10월 10일 19시,일요일,부산광역시 사하구 하단동,경상사고,0,0,4,0,차대차 - 추돌,안전거리미확보,건조,맑음,교차로 - 교차로안,화물,남,67세,상해없음,승용,여,44세,경상
음주운전,2021101000100508,2021년 10월 10일 22시,일요일,부산광역시 금정구 장전동,중상사고,0,2,1,0,차대차 - 추돌,안전거리미확보,건조,맑음,단일로 - 기타,승용,남,32세,상해없음,승용,남,33세,중상
음주운전,2021101100100118,2021년 10월 11일 11시,월요일,부산광역시 사상구 모라동,경상사고,0,0,3,0,차대차 - 측면충돌,안전운전불이행,건조,맑음,단일로 - 기타,승용,남,64세,상해없음,승용,여,39세,경상
음주운전,2021101100100489,2021년 10월 11일 21시,월요일,부산광역시 수영구 남천동,경상사고,0,0,3,0,차대차 - 추돌,안전운전불이행,젖음/습기,비,단일로 - 기타,승용,남,25세,상해없음,승용,남,40세,경상
음주운전,2021101200100553,2021년 10월 12일 22시,화요일,부산광역시 금정구 부곡동,경상사고,0,0,1,0,차대차 - 기타,안전운전불이행,건조,맑음,단일로 - 기타,승용,여,40세,상해없음,승용,여,51세,경상
음주운전,2021101200100591,2021년 10월 12일 23시,화요일,부산광역시 서구 서대신동3가,중상사고,0,1,0,0,차대차 - 추돌,안전운전불이행,젖음/습기,흐림,단일로 - 기타,이륜,여,46세,중상,승용,남,25세,기타불명
음주운전,2021101200100592,2021년 10월 12일 23시,화요일,부산광역시 부산진구 부전동,중상사고,0,1,1,0,차대차 - 측면충돌,안전운전불이행,건조,맑음,기타 - 기타,승용,남,39세,상해없음,승용,남,69세,경상
음주운전,2021101400100478,2021년 10월 14일 18시,목요일,부산광역시 영도구 청학동,경상사고,0,0,3,0,차대차 - 측면충돌,안전운전불이행,건조,맑음,단일로 - 기타,승용,여,42세,상해없음,승용,남,41세,경상
음주운전,2021101500100626,2021년 10월 15일 22시,금요일,부산광역시 기장군 기장읍,경상사고,0,0,1,0,차대차 - 추돌,안전운전불이행,건조,맑음,교차로 - 교차로부근,승용,남,41세,상해없음,승용,여,73세,경상
음주운전,2.0211E+15,2021년 10월 16일 03시,토요일,부산광역시 기장군 일광면,중상사고,0,1,0,0,차량단독 - 기타,안전운전불이행,젖음/습기,비,단일로 - 기타,승용,남,26세,상해없음,,,,