사고부문,사고번호,사고일시,요일,시군구,사고내용,사망자수,중상자수,경상자수,부상신고자수,사고유형,법규위반,노면상태,기상상태,도로형태,가해운전자 차종,가해운전자 성별,가해운전자 연령,가해운전자 상해정도,피해운전자 차종,피해운전자 성별,피해운전자 연령,피해운전자 상해정도
음주운전,2021101600100298,2021년 10월 16일 15시,토요일,부산광역시 사하구 하단동,중상사고,0,1,0,1,차대차 - 정면충돌,중앙선침범,건조,맑음,단일로 - 교량,승용,남,67세,부상신고,승용,남,67세,중상
음주운전,2021101600100495,2021년 10월 16일 22시,토요일,부산광역시 부산진구 전포동,경상사고,0,0,1,0,차대차 - 추돌,안전운전불이행,건조,맑음,단일로 - 기타,승용,남,39세,상해없음,승합,남,40세,경상
음주운전,2021101600100535,2021년 10월 16일 23시,토요일,부산광역시 사상구 덕포동,중상사고,0,1,2,0,차대사람 - 횡단중,안전운전불이행,건조,맑음,단일로 - 기타,이륜,남,46세,경상,보행자,남,37세,중상
음주운전,2021101800100148,2021년 10월 18일 09시,월요일,부산광역시 해운대구 반송동,중상사고,0,1,0,0,차대사람 - 횡단중,안전운전불이행,건조,맑음,교차로 - 교차로부근,승용,남,69세,상해없음,보행자,남,59세,중상
음주운전,2021101800100663,2021년 10월 18일 22시,월요일,부산광역시 금정구 장전동,중상사고,0,1,0,0,차대차 - 추돌,안전운전불이행,건조,맑음,단일로 - 터널,승용,남,39세,상해없음,승용,여,51세,중상
음주운전,2021101800100664,2021년 10월 18일 22시,월요일,부산광역시 사상구 모라동,중상사고,0,1,0,0,차대차 - 추돌,안전운전불이행,건조,맑음,단일로 - 기타,승용,남,29세,상해없음,승용,남,69세,중상
음주운전,2021101900100563,2021년 10월 19일 22시,화요일,부산광역시 동래구 명장동,경상사고,0,0,1,0,차대차 - 추돌,안전운전불이행,건조,맑음,단일로 - 기타,승용,남,44세,상해없음,승용,남,55세,경상
음주운전,2021102000100354,2021년 10월 20일 16시,수요일,부산광역시 연제구 연산동,경상사고,0,0,1,0,차대사람 - 기타,안전운전불이행,건조,흐림,단일로 - 기타,승용,남,53세,상해없음,보행자,남,25세,경상
음주운전,2021102000100636,2021년 10월 20일 23시,수요일,부산광역시 사상구 모라동,경상사고,0,0,2,0,차대차 - 측면충돌,신호위반,건조,맑음,교차로 - 교차로안,승용,남,44세,상해없음,승용,남,72세,경상
음주운전,2021102100100027,2021년 10월 21일 03시,목요일,부산광역시 북구 구포동,사망사고,1,0,0,0,차량단독 - 공작물충돌,안전운전불이행,건조,맑음,단일로 - 기타,원동기,남,28세,상해없음,,,,
음주운전,2021102100100622,2021년 10월 21일 23시,목요일,부산광역시 부산진구 부전동,중상사고,0,1,1,0,차대사람 - 기타,안전운전불이행,건조,맑음,교차로 - 교차로부근,이륜,남,43세,상해없음,보행자,여,18세,중상
음주운전,2021102200100011,2021년 10월 22일 01시,금요일,부산광역시 동래구 사직동,중상사고,0,1,0,0,차대사람 - 기타,기타,건조,맑음,단일로 - 기타,이륜,남,21세,상해없음,보행자,여,21세,중상
음주운전,2021102200100693,2021년 10월 22일 22시,금요일,부산광역시 금정구 부곡동,경상사고,0,0,1,0,차대차 - 추돌,안전거리미확보,건조,맑음,단일로 - 기타,승용,남,50세,상해없음,화물,남,54세,경상
음주운전,2021102200100732,2021년 10월 22일 23시,금요일,부산광역시 부산진구 부전동,경상사고,0,0,3,0,차대차 - 추돌,안전운전불이행,건조,맑음,교차로 - 교차로부근,승용,여,53세,상해없음,승용,남,22세,경상
음주운전,2021102300100005,2021년 10월 23일 00시,토요일,부산광역시 동래구 명륜동,경상사고,0,0,3,0,차대차 - 기타,안전운전불이행,건조,맑음,단일로 - 기타,이륜,남,32세,상해없음,승용,여,32세,경상
음주운전,2021102300100007,2021년 10월 23일 00시,토요일,부산광역시 사상구 학장동,부상신고사고,0,0,0,1,차량단독 - 공작물충돌,안전운전불이행,건조,맑음,단일로 - 기타,승용,남,36세,부상신고,,,,
음주운전,2021102300100081,2021년 10월 23일 09시,토요일,부산광역시 기장군 기장읍,중상사고,0,1,0,0,차대차 - 기타,안전운전불이행,건조,맑음,교차로 - 교차로안,승용,남,46세,상해없음,승용,여,43세,중상
음주운전,2021102300100581,2021년 10월 23일 22시,토요일,부산광역시 사상구 엄궁동,경상사고,0,0,1,0,차대차 - 추돌,안전운전불이행,건조,맑음,단일로 - 지하차도(도로)내,승용,남,23세,경상,화물,남,65세,상해없음
음주운전,2021102300100611,2021년 10월 23일 23시,토요일,부산광역시 해운대구 재송동,경상사고,0,0,1,0,차대차 - 추돌,안전운전불이행,건조,맑음,단일로 - 기타,승용,남,53세,상해없음,승용,남,60세,경상
음주운전,2021102400100054,2021년 10월 24일 07시,일요일,부산광역시 해운대구 우동,중상사고,0,1,0,0,차량단독 - 공작물충돌,안전운전불이행,건조,맑음,단일로 - 기타,승용,여,29세,중상,,,,
음주운전,2.0211E+15,2021년 10월 24일 12시,일요일,부산광역시 기장군 기장읍,경상사고,0,0,2,0,차대차 - 정면충돌,안전운전불이행,건조,맑음,단일로 - 기타,승용,남,23세,상해없음,승용,남,73세,경상
음주운전,2021102500100605,2021년 10월 25일 21시,월요일,부산광역시 금정구 부곡동,중상사고,0,1,1,0,차대사람 - 횡단중,안전운전불이행,건조,맑음,교차로 - 교차로부근,승용,남,67세,상해없음,보행자,남,54세,중상
음주운전,2.0211E+15,2021년 10월 25일 23시,월요일,부산광역시 사상구 모라동,경상사고,0,0,3,0,차대차 - 추돌,안전운전불이행,건조,맑음,단일로 - 기타,승용,남,43세,상해없음,승용,여,47세,경상
음주운전,2021102600100108,2021년 10월 26일 09시,화요일,부산광역시 동구 좌천동,경상사고,0,0,2,0,차대차 - 추돌,안전거리미확보,건조,맑음,단일로 - 터널,승용,남,46세,기타불명,화물,남,47세,경상
음주운전,2021102600100603,2021년 10월 26일 23시,화요일,부산광역시 북구 덕천동,중상사고,0,1,0,0,차대사람 - 기타,안전운전불이행,건조,맑음,단일로 - 기타,승용,남,67세,상해없음,보행자,여,27세,중상
음주운전,2021102600100604,2021년 10월 26일 23시,화요일,부산광역시 해운대구 좌동,중상사고,0,1,0,0,차대차 - 측면충돌,안전운전불이행,건조,맑음,교차로 - 교차로부근,승용,남,32세,상해없음,이륜,남,35세,중상
음주운전,2021102800100552,2021년 10월 28일 19시,목요일,부산광역시 사상구 덕포동,중상사고,0,1,0,0,차대차 - 추돌,안전운전불이행,건조,맑음,단일로 - 기타,승용,남,40세,상해없음,이륜,남,68세,중상
음주운전,2021102900100639,2021년 10월 29일 22시,금요일,부산광역시 동래구 명륜동,중상사고,0,1,0,0,차대차 - 추돌,기타,건조,맑음,단일로 - 기타,승용,남,34세,상해없음,이륜,남,29세,중상
음주운전,2.0211E+15,2021년 10월 29일 22시,금요일,부산광역시 사하구 괴정동,경상사고,0,0,1,0,차대차 - 정면충돌,교차로운행방법위반,건조,맑음,교차로 - 교차로안,승용,남,31세,상해없음,승용,여,47세,경상
음주운전,2021103000100031,2021년 10월 30일 02시,토요일,부산광역시 수영구 민락동,부상신고사고,0,0,0,1,차량단독 - 전도전복 - 전도,안전운전불이행,건조,맑음,단일로 - 기타,이륜,남,24세,부상신고,,,,
음주운전,2021103000100448,2021년 10월 30일 19시,토요일,부산광역시 남구 용당동,경상사고,0,0,1,0,차대차 - 후진중충돌,안전운전불이행,건조,맑음,단일로 - 기타,승용,남,56세,상해없음,승용,남,55세,경상
음주운전,2021103000100478,2021년 10월 30일 20시,토요일,부산광역시 해운대구 우동,경상사고,0,0,2,0,차대차 - 측면충돌,안전운전불이행,건조,맑음,단일로 - 기타,이륜,남,59세,상해없음,승합,남,38세,상해없음
음주운전,2021103000100479,2021년 10월 30일 20시,토요일,부산광역시 사하구 장림동,경상사고,0,0,1,0,차대차 - 추돌,안전운전불이행,건조,맑음,단일로 - 기타,승용,남,46세,상해없음,승합,남,57세,경상
음주운전,2021103000100507,2021년 10월 30일 21시,토요일,부산광역시 수영구 광안동,경상사고,0,0,4,0,차대차 - 기타,안전운전불이행,건조,맑음,교차로 - 교차로부근,승용,남,46세,상해없음,승용,남,60세,경상
음주운전,2021103000100557,2021년 10월 30일 23시,토요일,부산광역시 중구 중앙동4가,경상사고,0,0,1,0,차대차 - 추돌,안전운전불이행,건조,맑음,단일로 - 지하차도(도로)내,승용,남,41세,상해없음,승합,남,54세,경상
음주운전,2021103100100468,2021년 10월 31일 22시,일요일,부산광역시 영도구 동삼동,경상사고,0,0,1,0,차대차 - 추돌,안전운전불이행,건조,맑음,단일로 - 기타,승용,남,49세,상해없음,승용,남,45세,경상
음주운전,2021110300100022,2021년 11월 3일 03시,수요일,부산광역시 영도구 대교동2가,경상사고,0,0,1,0,차대차 - 추돌,안전운전불이행,건조,맑음,단일로 - 기타,승용,남,33세,상해없음,승용,남,66세,경상
음주운전,2.02111E+15,2021년 11월 3일 08시,수요일,부산광역시 수영구 망미동,경상사고,0,0,4,0,차대차 - 기타,안전운전불이행,건조,맑음,단일로 - 기타,승용,남,44세,상해없음,승용,남,43세,경상
음주운전,2021110300100165,2021년 11월 3일 10시,수요일,부산광역시 수영구 수영동,중상사고,0,1,0,0,차대차 - 기타,안전운전불이행,건조,맑음,교차로 - 교차로안,화물,남,38세,상해없음,이륜,남,54세,중상
음주운전,2021110300100515,2021년 11월 3일 19시,수요일,부산광역시 해운대구 우동,중상사고,0,1,2,0,차대차 - 추돌,안전운전불이행,건조,맑음,단일로 - 기타,승용,여,60세,상해없음,승용,남,50세,중상
음주운전,2021110300100558,2021년 11월 3일 20시,수요일,부산광역시 금정구 부곡동,경상사고,0,0,1,0,차대차 - 추돌,안전운전불이행,건조,맑음,단일로 - 기타,승용,여,28세,상해없음,승합,남,31세,경상
음주운전,2021110300100559,2021년 11월 3일 20시,수요일,부산광역시 연제구 연산동,경상사고,0,0,2,0,차대차 - 추돌,안전운전불이행,건조,맑음,단일로 - 기타,이륜,남,31세,상해없음,승용,여,39세,경상
음주운전,2021110400100061,2021년 11월 4일 06시,목요일,부산광역시 부산진구 부전동,경상사고,0,0,1,0,차대차 - 측면충돌,중앙선침범,건조,맑음,교차로 - 교차로안,이륜,남,21세,상해없음,승용,남,67세,경상
음주운전,2021110500100005,2021년 11월 5일 00시,금요일,부산광역시 수영구 민락동,경상사고,0,0,1,0,차대차 - 정면충돌,안전운전불이행,건조,맑음,교차로 - 교차로안,이륜,남,24세,기타불명,승용,남,25세,경상
음주운전,2021110500100551,2021년 11월 5일 19시,금요일,부산광역시 사하구 신평동,부상신고사고,0,0,0,1,차량단독 - 기타,안전운전불이행,건조,맑음,단일로 - 기타,이륜,남,80세,부상신고,,,,
음주운전,2021110500100552,2021년 11월 5일 19시,금요일,부산광역시 금정구 구서동,경상사고,0,0,4,0,차대차 - 측면충돌,안전거리미확보,건조,맑음,단일로 - 기타,승용,남,63세,상해없음,승용,남,39세,경상
음주운전,2021110600100006,2021년 11월 6일 00시,토요일,부산광역시 부산진구 전포동,중상사고,0,1,0,0,차대차 - 추돌,안전운전불이행,건조,맑음,단일로 - 기타,승용,여,55세,상해없음,승용,남,58세,중상
음주운전,2021110600100602,2021년 11월 6일 22시,토요일,부산광역시 부산진구 양정동,경상사고,0,0,3,0,차대차 - 추돌,안전운전불이행,건조,맑음,교차로 - 교차로부근,승용,남,56세,상해없음,승용,남,63세,경상
음주운전,2021110600100621,2021년 11월 6일 23시,토요일,부산광역시 수영구 남천동,경상사고,0,0,2,0,차대차 - 추돌,안전운전불이행,건조,맑음,교차로 - 교차로안,승용,남,28세,상해없음,승용,남,73세,경상
음주운전,2021110700100063,2021년 11월 7일 08시,일요일,부산광역시 동래구 온천동,경상사고,0,0,1,0,차대사람 - 기타,안전운전불이행,건조,맑음,단일로 - 기타,승용,남,26세,상해없음,보행자,여,79세,경상
음주운전,2021110700100464,2021년 11월 7일 22시,일요일,부산광역시 부산진구 양정동,경상사고,0,0,2,0,차량단독 - 기타,안전운전불이행,건조,맑음,기타 - 기타,이륜,남,23세,경상,,,,
음주운전,2021110800100027,2021년 11월 8일 04시,월요일,부산광역시 동래구 사직동,중상사고,0,1,0,0,차대차 - 측면충돌,신호위반,건조,맑음,교차로 - 교차로안,승용,남,30세,상해없음,화물,남,41세,중상
음주운전,2021110900100411,2021년 11월 9일 17시,화요일,부산광역시 금정구 장전동,경상사고,0,0,1,0,차대차 - 기타,안전운전불이행,건조,맑음,단일로 - 기타,승용,여,51세,상해없음,이륜,남,20세,경상
음주운전,2021111000100249,2021년 11월 10일 13시,수요일,부산광역시 기장군 정관읍,경상사고,0,0,2,0,차대차 - 기타,신호위반,건조,맑음,교차로 - 교차로안,승용,남,61세,상해없음,승합,남,57세,경상
음주운전,2021111000100628,2021년 11월 10일 23시,수요일,부산광역시 수영구 망미동,경상사고,0,0,3,0,차대차 - 추돌,신호위반,건조,맑음,교차로 - 교차로안,이륜,남,22세,상해없음,승용,남,60세,경상
음주운전,2.02111E+15,2021년 11월 11일 17시,목요일,부산광역시 해운대구 석대동,경상사고,0,0,1,0,차대차 - 추돌,안전운전불이행,건조,맑음,교차로 - 교차로부근,승용,남,69세,상해없음,승용,남,61세,상해없음
음주운전,2021111200100053,2021년 11월 12일 06시,금요일,부산광역시 동구 초량동,중상사고,0,1,0,0,차대사람 - 횡단중,안전운전불이행,건조,맑음,교차로 - 교차로안,이륜,남,22세,상해없음,보행자,여,69세,중상
음주운전,2021111200100581,2021년 11월 12일 20시,금요일,부산광역시 서구 동대신동1가,중상사고,0,1,0,0,차대차 - 측면충돌,기타,건조,맑음,교차로 - 교차로안,이륜,남,57세,중상,승용,남,55세,상해없음
음주운전,2021111200100582,2021년 11월 12일 20시,금요일,부산광역시 수영구 민락동,경상사고,0,0,2,0,차대차 - 추돌,안전운전불이행,건조,맑음,기타 - 기타,승용,남,71세,상해없음,승용,여,28세,경상
음주운전,2021111300100006,2021년 11월 13일 00시,토요일,부산광역시 사상구 감전동,중상사고,0,1,0,0,차대차 - 측면충돌,안전운전불이행,건조,맑음,교차로 - 교차로안,승용,남,34세,상해없음,이륜,남,27세,중상
음주운전,2021111300100062,2021년 11월 13일 04시,토요일,부산광역시 사하구 하단동,경상사고,0,0,1,0,차대차 - 추돌,안전운전불이행,건조,맑음,단일로 - 기타,승용,남,35세,상해없음,승용,남,35세,경상
음주운전,2021111300100641,2021년 11월 13일 23시,토요일,부산광역시 강서구 녹산동,중상사고,0,1,0,0,차대차 - 추돌,신호위반,건조,맑음,교차로 - 교차로안,승용,남,51세,상해없음,이륜,남,34세,중상
음주운전,2021111400100055,2021년 11월 14일 03시,일요일,부산광역시 사하구 당리동,중상사고,0,1,0,0,차량단독 - 기타,안전운전불이행,건조,맑음,단일로 - 기타,이륜,남,23세,중상,,,,
음주운전,2021111500100025,2021년 11월 15일 03시,월요일,부산광역시 중구 부평동2가,중상사고,0,1,0,0,차대차 - 측면충돌,안전운전불이행,건조,맑음,교차로 - 교차로안,이륜,남,27세,상해없음,승용,남,69세,상해없음
음주운전,2021111600100609,2021년 11월 16일 22시,화요일,부산광역시 부산진구 양정동,중상사고,0,1,0,0,차대차 - 추돌,안전운전불이행,건조,맑음,단일로 - 기타,승용,여,28세,상해없음,승용,남,51세,중상
음주운전,2021111600100612,2021년 11월 16일 22시,화요일,부산광역시 연제구 연산동,중상사고,0,1,0,0,차대차 - 측면충돌,안전운전불이행,건조,맑음,단일로 - 기타,승용,남,39세,상해없음,원동기,남,44세,중상
음주운전,2021111700100003,2021년 11월 17일 00시,수요일,부산광역시 부산진구 양정동,중상사고,0,1,1,0,차대차 - 기타,안전운전불이행,건조,맑음,단일로 - 기타,승용,여,42세,상해없음,승용,남,28세,중상
음주운전,2021111700100033,2021년 11월 17일 05시,수요일,부산광역시 부산진구 부전동,부상신고사고,0,0,0,1,차량단독 - 전도전복 - 전도,안전운전불이행,건조,기타,교차로 - 교차로횡단보도내,이륜,남,28세,부상신고,,,,
음주운전,2021111800100017,2021년 11월 18일 01시,목요일,부산광역시 사상구 학장동,경상사고,0,0,1,0,차대차 - 추돌,안전운전불이행,건조,맑음,교차로 - 교차로부근,승용,남,26세,상해없음,화물,남,52세,경상
음주운전,2021111800100041,2021년 11월 18일 05시,목요일,부산광역시 동구 범일동,중상사고,0,1,0,0,차량단독 - 전도전복 - 전도,안전운전불이행,건조,맑음,단일로 - 기타,이륜,여,30세,중상,,,,
음주운전,2.02111E+15,2021년 11월 18일 09시,목요일,부산광역시 금정구 금사동,중상사고,0,1,1,0,차대차 - 측면충돌,안전운전불이행,건조,맑음,교차로 - 교차로안,이륜,남,27세,경상,승용,남,60세,상해없음
음주운전,2021111800100191,2021년 11월 18일 11시,목요일,부산광역시 동래구 명륜동,경상사고,0,0,2,0,차대차 - 정면충돌,안전운전불이행,건조,맑음,주차장 - 주차장,승용,남,33세,상해없음,승용,남,37세,경상
음주운전,2021111800100535,2021년 11월 18일 20시,목요일,부산광역시 강서구 생곡동,경상사고,0,0,1,0,차대차 - 추돌,안전운전불이행,건조,맑음,교차로 - 교차로부근,승용,남,48세,상해없음,승용,여,38세,경상
음주운전,2021111800100586,2021년 11월 18일 22시,목요일,부산광역시 남구 대연동,경상사고,0,0,1,0,차대사람 - 길가장자리구역통행중,안전운전불이행,건조,맑음,단일로 - 기타,승용,남,43세,상해없음,보행자,여,53세,경상
음주운전,2021111900100031,2021년 11월 19일 02시,금요일,부산광역시 수영구 민락동,중상사고,0,2,5,0,차대차 - 정면충돌,중앙선침범,건조,맑음,단일로 - 기타,승용,남,35세,상해없음,승용,남,59세,중상
음주운전,2021111900100032,2021년 11월 19일 02시,금요일,부산광역시 사하구 장림동,경상사고,0,0,2,0,차대차 - 측면충돌,신호위반,건조,맑음,교차로 - 교차로안,승용,남,27세,상해없음,승용,남,49세,경상
음주운전,2021111900100081,2021년 11월 19일 07시,금요일,부산광역시 강서구 명지동,경상사고,0,0,1,0,차대차 - 추돌,안전운전불이행,건조,맑음,교차로 - 교차로부근,승용,남,31세,상해없음,승용,남,50세,경상
음주운전,2021112000100571,2021년 11월 20일 23시,토요일,부산광역시 해운대구 송정동,중상사고,0,1,0,0,차량단독 - 공작물충돌,안전운전불이행,건조,맑음,단일로 - 기타,승용,여,59세,중상,,,,
음주운전,2021112100100298,2021년 11월 21일 17시,일요일,부산광역시 중구 영주동,중상사고,0,2,0,0,차량단독 - 공작물충돌,안전운전불이행,건조,맑음,단일로 - 기타,승용,남,49세,중상,,,,
음주운전,2021112100100474,2021년 11월 21일 22시,일요일,부산광역시 수영구 남천동,경상사고,0,0,1,0,차대차 - 추돌,안전운전불이행,건조,맑음,기타 - 기타,승용,남,29세,상해없음,승용,남,59세,경상
음주운전,2021112200100046,2021년 11월 22일 04시,월요일,부산광역시 부산진구 부전동,경상사고,0,0,1,0,차대차 - 기타,안전운전불이행,건조,맑음,교차로 - 교차로안,승합,남,59세,상해없음,승용,남,38세,경상
음주운전,2021112300100057,2021년 11월 23일 07시,화요일,부산광역시 남구 용당동,경상사고,0,0,1,0,차대차 - 기타,안전운전불이행,건조,맑음,기타 - 기타,승용,남,41세,상해없음,특수,남,48세,경상
음주운전,2021112300100192,2021년 11월 23일 11시,화요일,부산광역시 기장군 정관읍,경상사고,0,0,1,0,차대차 - 추돌,중앙선침범,건조,맑음,교차로 - 교차로부근,승용,남,62세,상해없음,승용,남,34세,경상
음주운전,2021112300100545,2021년 11월 23일 21시,화요일,부산광역시 해운대구 우동,경상사고,0,0,1,0,차대차 - 추돌,안전운전불이행,건조,맑음,교차로 - 교차로부근,승용,남,29세,상해없음,승용,남,33세,경상
음주운전,2021112300100566,2021년 11월 23일 22시,화요일,부산광역시 해운대구 재송동,경상사고,0,0,4,0,차대차 - 측면충돌,신호위반,건조,맑음,교차로 - 교차로안,승용,남,36세,상해없음,승용,남,63세,경상
음주운전,2021112400100027,2021년 11월 24일 04시,수요일,부산광역시 금정구 남산동,중상사고,0,1,0,1,차량단독 - 전도전복 - 전도,안전운전불이행,건조,맑음,단일로 - 기타,원동기,남,21세,중상,,,,
음주운전,2.02111E+15,2021년 11월 24일 20시,수요일,부산광역시 사상구 엄궁동,경상사고,0,0,1,0,차대차 - 측면충돌,안전운전불이행,건조,맑음,교차로 - 교차로부근,승용,남,44세,상해없음,승용,남,27세,경상
음주운전,2021112500100004,2021년 11월 25일 00시,목요일,부산광역시 해운대구 우동,경상사고,0,0,1,0,차대차 - 측면충돌,안전운전불이행,건조,맑음,단일로 - 기타,승용,남,28세,상해없음,화물,남,71세,기타불명
음주운전,2021112500100667,2021년 11월 25일 23시,목요일,부산광역시 동래구 온천동,중상사고,0,1,1,0,차대차 - 기타,교차로운행방법위반,건조,맑음,교차로 - 교차로안,개인형이동수단(PM),여,23세,중상,승용,남,63세,경상
음주운전,2021112600100002,2021년 11월 26일 00시,금요일,부산광역시 사하구 신평동,중상사고,0,1,0,0,차대차 - 기타,신호위반,건조,맑음,교차로 - 교차로안,승용,여,50세,상해없음,승용,남,41세,중상
음주운전,2021112600100029,2021년 11월 26일 02시,금요일,부산광역시 남구 대연동,경상사고,0,0,1,0,차대차 - 기타,안전운전불이행,건조,맑음,교차로 - 교차로안,승용,여,36세,상해없음,승용,남,64세,경상
음주운전,2021112600100734,2021년 11월 26일 23시,금요일,부산광역시 북구 덕천동,중상사고,0,1,1,0,차대차 - 기타,신호위반,건조,맑음,단일로 - 기타,이륜,남,47세,경상,이륜,남,39세,중상
음주운전,2021112700100157,2021년 11월 27일 11시,토요일,부산광역시 부산진구 범천동,중상사고,0,1,0,0,차대차 - 측면충돌,안전거리미확보,건조,맑음,단일로 - 기타,이륜,남,59세,중상,승용,남,36세,상해없음
음주운전,2021112800100001,2021년 11월 28일 00시,일요일,부산광역시 사상구 괘법동,중상사고,0,1,1,0,차대차 - 기타,안전운전불이행,건조,맑음,교차로 - 교차로안,승용,남,55세,상해없음,승용,여,51세,중상
음주운전,2021112800100412,2021년 11월 28일 20시,일요일,부산광역시 영도구 청학동,경상사고,0,0,2,0,차대차 - 추돌,교차로운행방법위반,건조,맑음,교차로 - 교차로안,승용,남,59세,상해없음,승용,남,27세,경상
음주운전,2.02111E+15,2021년 11월 28일 22시,일요일,부산광역시 중구 중앙동4가,부상신고사고,0,0,0,1,차량단독 - 공작물충돌,안전운전불이행,건조,맑음,단일로 - 지하차도(도로)내,이륜,남,34세,부상신고,,,,
음주운전,2021112800100462,2021년 11월 28일 22시,일요일,부산광역시 사상구 감전동,중상사고,0,1,0,0,차대차 - 추돌,안전운전불이행,건조,맑음,교차로 - 교차로부근,승용,남,48세,상해없음,승용,남,41세,중상
음주운전,2021112900100589,2021년 11월 29일 21시,월요일,부산광역시 부산진구 부암동,경상사고,0,0,1,0,차대차 - 기타,안전운전불이행,건조,맑음,단일로 - 고가도로위,승용,남,61세,경상,승용,남,55세,상해없음
음주운전,2021113000100002,2021년 11월 30일 00시,화요일,부산광역시 중구 중앙동5가,경상사고,0,0,1,0,차대차 - 추돌,안전운전불이행,건조,맑음,단일로 - 기타,승용,남,29세,상해없음,승용,여,33세,경상
음주운전,2021113000100003,2021년 11월 30일 00시,화요일,부산광역시 수영구 광안동,중상사고,0,1,1,0,차대차 - 기타,안전운전불이행,건조,맑음,교차로 - 교차로부근,원동기,남,36세,상해없음,승용,남,69세,상해없음
음주운전,2021113000100486,2021년 11월 30일 18시,화요일,부산광역시 기장군 정관읍,경상사고,0,0,1,0,차대차 - 추돌,안전운전불이행,젖음/습기,흐림,교차로 - 교차로부근,승용,남,45세,상해없음,승용,여,36세,경상
음주운전,2021120100100031,2021년 12월 1일 03시,수요일,부산광역시 동래구 사직동,경상사고,0,0,3,0,차대차 - 추돌,안전운전불이행,건조,맑음,단일로 - 기타,승용,남,32세,상해없음,승용,남,51세,경상
음주운전,2021120100100452,2021년 12월 1일 18시,수요일,부산광역시 북구 구포동,경상사고,0,0,1,0,차대차 - 기타,안전운전불이행,건조,맑음,단일로 - 기타,화물,남,73세,상해없음,승용,여,63세,경상
음주운전,2021120200100626,2021년 12월 2일 23시,목요일,부산광역시 부산진구 당감동,중상사고,0,1,0,0,차대사람 - 기타,안전운전불이행,건조,맑음,단일로 - 기타,이륜,남,27세,상해없음,보행자,남,46세,중상
음주운전,2021120300100004,2021년 12월 3일 00시,금요일,부산광역시 서구 암남동,중상사고,0,1,0,0,차대차 - 정면충돌,중앙선침범,건조,맑음,단일로 - 기타,승용,남,40세,상해없음,승용,남,33세,중상
음주운전,2021120300100005,2021년 12월 3일 00시,금요일,부산광역시 부산진구 양정동,경상사고,0,0,3,0,차대차 - 추돌,안전운전불이행,건조,맑음,교차로 - 교차로부근,승용,남,22세,상해없음,승용,여,42세,경상
음주운전,2021120300100646,2021년 12월 3일 20시,금요일,부산광역시 강서구 범방동,경상사고,0,0,1,0,차대차 - 추돌,안전운전불이행,건조,맑음,단일로 - 기타,이륜,남,64세,경상,승용,남,66세,상해없음
음주운전,2021120300100678,2021년 12월 3일 21시,금요일,부산광역시 남구 문현동,경상사고,0,0,1,0,차대차 - 기타,안전운전불이행,건조,맑음,단일로 - 기타,승용,남,51세,상해없음,이륜,남,42세,경상
음주운전,2021120500100014,2021년 12월 5일 01시,일요일,부산광역시 북구 만덕동,경상사고,0,0,1,0,차량단독 - 전도전복 - 전도,안전운전불이행,건조,맑음,단일로 - 지하차도(도로)내,이륜,남,57세,경상,,,,
음주운전,2.02112E+15,2021년 12월 7일 01시,화요일,부산광역시 사상구 덕포동,경상사고,0,0,2,0,차대차 - 추돌,안전운전불이행,건조,맑음,단일로 - 지하차도(도로)내,승용,남,27세,상해없음,승용,남,67세,경상
음주운전,2021120700100256,2021년 12월 7일 13시,화요일,부산광역시 사하구 장림동,중상사고,0,1,0,0,차대차 - 측면충돌,안전운전불이행,건조,맑음,단일로 - 기타,승용,남,51세,상해없음,승용,남,56세,중상
음주운전,2021121000100515,2021년 12월 10일 19시,금요일,부산광역시 연제구 연산동,부상신고사고,0,0,0,1,차대차 - 기타,기타,건조,맑음,단일로 - 기타,승용,남,23세,상해없음,승용,남,46세,부상신고