사고부문,사고번호,사고일시,요일,시군구,사고내용,사망자수,중상자수,경상자수,부상신고자수,사고유형,법규위반,노면상태,기상상태,도로형태,가해운전자 차종,가해운전자 성별,가해운전자 연령,가해운전자 상해정도,피해운전자 차종,피해운전자 성별,피해운전자 연령,피해운전자 상해정도
음주운전,2021121000100638,2021년 12월 10일 23시,금요일,부산광역시 사하구 괴정동,경상사고,0,0,2,0,차대차 - 추돌,안전운전불이행,건조,맑음,교차로 - 교차로부근,승용,여,41세,상해없음,승용,남,25세,경상
음주운전,2021121100100389,2021년 12월 11일 18시,토요일,부산광역시 북구 화명동,경상사고,0,0,2,0,차대차 - 기타,안전운전불이행,건조,맑음,단일로 - 기타,화물,남,45세,상해없음,승용,남,32세,경상
음주운전,2021121100100467,2021년 12월 11일 20시,토요일,부산광역시 강서구 신호동,경상사고,0,0,1,0,차대차 - 측면충돌,안전운전불이행,건조,맑음,단일로 - 기타,승용,남,63세,상해없음,승용,남,40세,경상
음주운전,2021121500100082,2021년 12월 15일 07시,수요일,부산광역시 사하구 괴정동,중상사고,0,1,0,0,차대차 - 추돌,안전거리미확보,건조,맑음,교차로 - 교차로안,승용,여,36세,상해없음,승용,여,37세,중상
음주운전,2021121500100114,2021년 12월 15일 08시,수요일,부산광역시 연제구 연산동,중상사고,0,1,6,0,차대차 - 추돌,안전운전불이행,건조,맑음,단일로 - 기타,승용,여,45세,상해없음,승용,여,45세,경상
음주운전,2021121500100143,2021년 12월 15일 09시,수요일,부산광역시 동래구 사직동,경상사고,0,0,3,0,차대차 - 추돌,안전운전불이행,건조,맑음,단일로 - 기타,승용,여,47세,상해없음,승용,여,48세,경상
음주운전,2021121500100492,2021년 12월 15일 19시,수요일,부산광역시 사상구 학장동,경상사고,0,0,1,0,차대차 - 추돌,안전운전불이행,건조,맑음,단일로 - 기타,승용,남,66세,상해없음,승용,남,53세,경상
음주운전,2021121700100216,2021년 12월 17일 12시,금요일,부산광역시 사상구 엄궁동,중상사고,0,1,0,0,차대사람 - 차도통행중,안전운전불이행,건조,맑음,단일로 - 지하차도(도로)내,승용,남,39세,상해없음,보행자,남,47세,중상
음주운전,2021121800100588,2021년 12월 18일 22시,토요일,부산광역시 연제구 연산동,경상사고,0,0,1,1,차대차 - 측면충돌,신호위반,건조,맑음,교차로 - 교차로안,원동기,남,36세,부상신고,승용,여,59세,경상
음주운전,2021122000100578,2021년 12월 20일 21시,월요일,부산광역시 부산진구 범천동,경상사고,0,0,1,1,차대차 - 기타,안전운전불이행,건조,맑음,단일로 - 기타,이륜,남,48세,상해없음,승용,남,31세,경상
음주운전,2021122000100579,2021년 12월 20일 21시,월요일,부산광역시 사상구 괘법동,중상사고,0,1,0,0,차대차 - 기타,안전운전불이행,건조,맑음,단일로 - 기타,승용,남,21세,상해없음,기타불명,여,59세,중상
음주운전,2.02112E+15,2021년 12월 22일 15시,수요일,부산광역시 기장군 기장읍,경상사고,0,0,2,0,차대차 - 측면충돌,신호위반,건조,맑음,교차로 - 교차로안,승용,남,61세,상해없음,승합,남,44세,경상
음주운전,2021122200100602,2021년 12월 22일 22시,수요일,부산광역시 부산진구 전포동,경상사고,0,0,1,0,차대차 - 정면충돌,신호위반,건조,맑음,교차로 - 교차로부근,승용,남,45세,상해없음,화물,남,58세,경상
음주운전,2021122400100633,2021년 12월 24일 23시,금요일,부산광역시 북구 구포동,중상사고,0,1,0,0,차대사람 - 기타,안전운전불이행,건조,맑음,단일로 - 지하차도(도로)내,이륜,남,52세,상해없음,보행자,여,64세,중상
음주운전,2021122500100016,2021년 12월 25일 02시,토요일,부산광역시 부산진구 전포동,경상사고,0,0,1,0,차대차 - 측면충돌,안전운전불이행,건조,맑음,단일로 - 기타,승용,남,47세,상해없음,승용,남,57세,경상
음주운전,2021122500100117,2021년 12월 25일 12시,토요일,부산광역시 동래구 사직동,경상사고,0,0,1,0,차대차 - 측면충돌,안전운전불이행,건조,맑음,단일로 - 기타,승용,남,62세,상해없음,승용,남,37세,기타불명
음주운전,2021122500100313,2021년 12월 25일 19시,토요일,부산광역시 기장군 정관읍,경상사고,0,0,1,1,차대차 - 추돌,안전운전불이행,건조,맑음,단일로 - 기타,승용,남,50세,상해없음,승용,남,68세,경상
음주운전,2021122500100366,2021년 12월 25일 21시,토요일,부산광역시 북구 화명동,경상사고,0,0,1,0,차대차 - 기타,안전운전불이행,건조,맑음,교차로 - 교차로안,화물,남,61세,상해없음,원동기,남,41세,경상
음주운전,2021122500100416,2021년 12월 25일 23시,토요일,부산광역시 사상구 감전동,중상사고,0,1,0,0,차대차 - 기타,신호위반,건조,맑음,교차로 - 교차로안,승용,남,41세,상해없음,승합,남,56세,중상
음주운전,2021122600100158,2021년 12월 26일 15시,일요일,부산광역시 해운대구 우동,경상사고,0,0,2,0,차대차 - 기타,안전운전불이행,건조,맑음,교차로 - 교차로횡단보도내,승용,남,52세,상해없음,승용,남,32세,경상
음주운전,2021122600100291,2021년 12월 26일 20시,일요일,부산광역시 수영구 광안동,경상사고,0,0,1,0,차대사람 - 길가장자리구역통행중,안전운전불이행,건조,맑음,기타 - 기타,승용,남,59세,상해없음,보행자,남,61세,경상
음주운전,2021122600100294,2021년 12월 26일 20시,일요일,부산광역시 사하구 장림동,중상사고,0,1,0,0,차량단독 - 공작물충돌,안전운전불이행,건조,맑음,교차로 - 교차로부근,승용,남,35세,상해없음,,,,
음주운전,2021122800100243,2021년 12월 28일 14시,화요일,부산광역시 동구 초량동,경상사고,0,0,3,0,차대차 - 측면충돌,안전운전불이행,건조,맑음,단일로 - 기타,이륜,남,74세,상해없음,승용,남,38세,경상
음주운전,2021122800100413,2021년 12월 28일 19시,화요일,부산광역시 남구 대연동,경상사고,0,0,1,0,차대차 - 추돌,안전운전불이행,건조,맑음,단일로 - 기타,승용,남,43세,상해없음,승용,여,43세,경상
음주운전,2021122800100539,2021년 12월 28일 23시,화요일,부산광역시 부산진구 양정동,경상사고,0,0,1,0,차대차 - 추돌,안전운전불이행,건조,맑음,단일로 - 기타,이륜,남,40세,상해없음,승용,남,46세,경상
음주운전,2021123100100317,2021년 12월 31일 16시,금요일,부산광역시 강서구 대저2동,경상사고,0,0,1,0,차대차 - 추돌,안전운전불이행,건조,맑음,단일로 - 기타,승용,남,59세,상해없음,승용,남,27세,경상
음주운전,2021123100100497,2021년 12월 31일 19시,금요일,부산광역시 강서구 죽동동,경상사고,0,0,3,0,차대차 - 추돌,안전운전불이행,건조,맑음,교차로 - 교차로부근,화물,남,64세,상해없음,승용,남,49세,경상
음주운전,2021123100100603,2021년 12월 31일 22시,금요일,부산광역시 해운대구 우동,중상사고,0,1,1,0,차대차 - 기타,안전운전불이행,건조,맑음,교차로 - 교차로안,승용,남,30세,상해없음,승용,남,59세,중상
음주운전,2022010100100004,2022년 1월 1일 00시,토요일,부산광역시 강서구 대저1동,중상사고,0,2,0,0,차대차 - 기타,안전운전불이행,건조,맑음,단일로 - 기타,승용,남,33세,상해없음,승용,남,60세,중상
음주운전,2022010100100038,2022년 1월 1일 06시,토요일,부산광역시 강서구 대항동,경상사고,0,0,2,0,차대차 - 기타,안전운전불이행,건조,맑음,단일로 - 기타,승용,남,36세,상해없음,승용,남,26세,경상
음주운전,2022010100100201,2022년 1월 1일 16시,토요일,부산광역시 부산진구 부전동,경상사고,0,0,1,0,차대사람 - 횡단중,보행자보호의무위반,건조,맑음,단일로 - 기타,개인형이동수단(PM),남,35세,상해없음,보행자,여,56세,경상
음주운전,2022010100100254,2022년 1월 1일 18시,토요일,부산광역시 기장군 기장읍,경상사고,0,0,2,0,차대차 - 추돌,안전운전불이행,건조,맑음,교차로 - 교차로부근,승용,남,50세,상해없음,승용,남,27세,경상
음주운전,2022010300100091,2022년 1월 3일 08시,월요일,부산광역시 부산진구 부전동,경상사고,0,0,1,0,차대차 - 정면충돌,안전운전불이행,건조,맑음,단일로 - 기타,승용,남,22세,상해없음,화물,남,49세,경상
음주운전,2022010300100296,2022년 1월 3일 14시,월요일,부산광역시 강서구 송정동,중상사고,0,2,0,0,차대차 - 추돌,안전운전불이행,건조,맑음,단일로 - 기타,특수,남,72세,상해없음,화물,남,50세,중상
음주운전,2022010300100592,2022년 1월 3일 21시,월요일,부산광역시 동구 좌천동,부상신고사고,0,0,0,1,차대차 - 기타,중앙선침범,건조,맑음,단일로 - 기타,이륜,남,18세,부상신고,승용,남,33세,상해없음
음주운전,2.02201E+15,2022년 1월 4일 23시,화요일,부산광역시 부산진구 전포동,중상사고,0,1,0,0,차대차 - 기타,안전운전불이행,건조,맑음,단일로 - 기타,이륜,남,48세,중상,승용,여,30세,상해없음
음주운전,2022010500100412,2022년 1월 5일 21시,수요일,부산광역시 부산진구 양정동,경상사고,0,0,3,0,차대차 - 추돌,안전운전불이행,젖음/습기,맑음,교차로 - 교차로부근,승용,남,48세,상해없음,승용,남,68세,경상
음주운전,2022010600100003,2022년 1월 6일 00시,목요일,부산광역시 부산진구 부전동,경상사고,0,0,1,0,차대사람 - 기타,안전운전불이행,젖음/습기,비,단일로 - 기타,승용,남,29세,상해없음,보행자,남,23세,경상
음주운전,2022010600100551,2022년 1월 6일 23시,목요일,부산광역시 사하구 괴정동,경상사고,0,0,1,0,차대차 - 정면충돌,신호위반,건조,맑음,교차로 - 교차로부근,승용,남,48세,상해없음,승용,남,46세,경상
음주운전,2022010700100077,2022년 1월 7일 08시,금요일,부산광역시 동래구 온천동,경상사고,0,0,1,0,차대차 - 기타,차로위반,건조,맑음,단일로 - 기타,승용,남,62세,상해없음,승용,남,31세,경상
음주운전,2.02201E+15,2022년 1월 7일 19시,금요일,부산광역시 연제구 연산동,경상사고,0,0,1,0,차대차 - 추돌,안전운전불이행,건조,맑음,단일로 - 기타,승용,남,60세,상해없음,화물,남,54세,경상
음주운전,2022010700100562,2022년 1월 7일 21시,금요일,부산광역시 남구 대연동,경상사고,0,0,2,0,차대차 - 추돌,안전운전불이행,건조,맑음,기타 - 기타,승용,남,48세,상해없음,승용,여,45세,경상
음주운전,2022010700100564,2022년 1월 7일 21시,금요일,부산광역시 해운대구 좌동,경상사고,0,0,1,0,차대차 - 측면충돌,안전운전불이행,건조,맑음,교차로 - 교차로안,승용,남,41세,상해없음,승용,남,50세,경상
음주운전,2022010800100078,2022년 1월 8일 08시,토요일,부산광역시 수영구 망미동,경상사고,0,0,1,0,차대차 - 추돌,안전운전불이행,건조,맑음,단일로 - 기타,승용,남,30세,상해없음,승용,여,55세,경상
음주운전,2022010800100394,2022년 1월 8일 18시,토요일,부산광역시 사하구 장림동,경상사고,0,0,5,0,차대차 - 추돌,안전운전불이행,건조,맑음,단일로 - 기타,승용,남,45세,상해없음,승용,남,42세,경상
음주운전,2022010900100334,2022년 1월 9일 23시,일요일,부산광역시 북구 만덕동,경상사고,0,0,1,0,차대차 - 기타,중앙선침범,건조,맑음,단일로 - 기타,원동기,남,32세,상해없음,승용,남,69세,경상
음주운전,2022011000100365,2022년 1월 10일 17시,월요일,부산광역시 금정구 장전동,경상사고,0,0,1,0,차대차 - 추돌,안전운전불이행,건조,맑음,단일로 - 기타,승용,여,48세,상해없음,승용,남,48세,경상
음주운전,2022011000100495,2022년 1월 10일 21시,월요일,부산광역시 연제구 연산동,경상사고,0,0,1,0,차대차 - 기타,중앙선침범,건조,맑음,단일로 - 기타,승용,남,50세,상해없음,승용,남,65세,경상
음주운전,2022011000100534,2022년 1월 10일 22시,월요일,부산광역시 사상구 감전동,경상사고,0,0,2,0,차대차 - 추돌,안전운전불이행,건조,맑음,교차로 - 교차로부근,승용,남,45세,상해없음,승용,남,26세,경상
음주운전,2022011000100554,2022년 1월 10일 23시,월요일,부산광역시 남구 대연동,중상사고,0,1,0,0,차대사람 - 기타,안전운전불이행,건조,맑음,단일로 - 기타,이륜,남,18세,상해없음,보행자,남,44세,중상
음주운전,2022011200100572,2022년 1월 12일 22시,수요일,부산광역시 금정구 부곡동,중상사고,0,2,0,0,차대차 - 기타,안전운전불이행,건조,맑음,단일로 - 기타,승용,남,53세,상해없음,승용,남,52세,중상
음주운전,2022011300100008,2022년 1월 13일 02시,목요일,부산광역시 부산진구 부전동,부상신고사고,0,0,0,1,차량단독 - 기타,안전운전불이행,건조,기타,단일로 - 기타,이륜,남,33세,부상신고,,,,
음주운전,2022011300100517,2022년 1월 13일 21시,목요일,부산광역시 동구 수정동,경상사고,0,0,1,0,차대차 - 추돌,안전거리미확보,건조,맑음,단일로 - 기타,승용,남,43세,상해없음,승용,남,52세,경상
음주운전,2022011300100561,2022년 1월 13일 23시,목요일,부산광역시 동구 초량동,경상사고,0,0,1,0,차대차 - 추돌,안전거리미확보,건조,맑음,교차로 - 교차로부근,승용,남,30세,상해없음,승용,남,28세,경상
음주운전,2022011400100045,2022년 1월 14일 07시,금요일,부산광역시 부산진구 부암동,부상신고사고,0,0,0,1,차대차 - 추돌,안전운전불이행,건조,기타,단일로 - 기타,이륜,남,22세,부상신고,승용,남,72세,상해없음
음주운전,2022011400100248,2022년 1월 14일 13시,금요일,부산광역시 동래구 온천동,경상사고,0,0,2,0,차대차 - 추돌,안전운전불이행,건조,맑음,단일로 - 기타,승용,남,48세,상해없음,승용,여,48세,경상
음주운전,2.02201E+15,2022년 1월 14일 21시,금요일,부산광역시 부산진구 가야동,경상사고,0,0,1,0,차대차 - 추돌,안전운전불이행,건조,맑음,교차로 - 교차로부근,승용,남,59세,상해없음,이륜,남,36세,상해없음
음주운전,2022011400100601,2022년 1월 14일 21시,금요일,부산광역시 부산진구 전포동,경상사고,0,0,2,0,차대차 - 추돌,안전운전불이행,건조,맑음,교차로 - 교차로부근,승용,남,38세,기타불명,승용,남,62세,경상
음주운전,2022011400100603,2022년 1월 14일 21시,금요일,부산광역시 기장군 정관읍,사망사고,1,0,0,0,차대차 - 기타,안전운전불이행,건조,맑음,단일로 - 기타,이륜,남,50세,사망,화물,남,54세,기타불명
음주운전,2022011400100648,2022년 1월 14일 22시,금요일,부산광역시 해운대구 석대동,중상사고,0,2,1,0,차대차 - 기타,신호위반,건조,맑음,교차로 - 교차로안,승용,남,68세,중상,승용,남,69세,경상
음주운전,2022011500100358,2022년 1월 15일 18시,토요일,부산광역시 서구 남부민동,중상사고,0,2,1,0,차대차 - 추돌,안전운전불이행,건조,맑음,단일로 - 기타,승용,남,52세,상해없음,승용,남,60세,경상
음주운전,2022011500100486,2022년 1월 15일 21시,토요일,부산광역시 해운대구 우동,경상사고,0,0,2,0,차대차 - 추돌,안전운전불이행,건조,맑음,단일로 - 기타,승용,여,28세,상해없음,승용,여,64세,경상
음주운전,2022011600100361,2022년 1월 16일 22시,일요일,부산광역시 사상구 학장동,경상사고,0,0,1,0,차대차 - 측면충돌,안전운전불이행,건조,맑음,교차로 - 교차로안,승용,남,43세,상해없음,승용,남,22세,경상
음주운전,2022011700100462,2022년 1월 17일 21시,월요일,부산광역시 강서구 명지동,경상사고,0,0,1,0,차대차 - 측면충돌,신호위반,건조,맑음,교차로 - 교차로안,승용,남,39세,상해없음,승용,여,57세,경상
음주운전,2022011800100024,2022년 1월 18일 06시,화요일,부산광역시 연제구 연산동,부상신고사고,0,0,0,1,차대차 - 추돌,신호위반,건조,맑음,교차로 - 교차로안,이륜,남,29세,부상신고,화물,남,68세,상해없음
음주운전,2022011800100591,2022년 1월 18일 21시,화요일,부산광역시 사상구 주례동,경상사고,0,0,1,0,차대차 - 추돌,안전거리미확보,건조,맑음,교차로 - 교차로부근,승용,남,28세,상해없음,이륜,남,24세,경상
음주운전,2022011900100486,2022년 1월 19일 23시,수요일,부산광역시 수영구 민락동,중상사고,0,1,0,0,차대차 - 정면충돌,중앙선침범,건조,맑음,단일로 - 기타,이륜,남,25세,중상,승용,남,64세,상해없음
음주운전,2022012000100488,2022년 1월 20일 20시,목요일,부산광역시 사상구 덕포동,중상사고,0,1,0,0,차대차 - 추돌,안전운전불이행,건조,맑음,단일로 - 기타,화물,남,30세,상해없음,승용,남,34세,중상
음주운전,2022012100100017,2022년 1월 21일 04시,금요일,부산광역시 동구 좌천동,중상사고,0,1,0,0,차량단독 - 공작물충돌,안전운전불이행,건조,맑음,단일로 - 기타,이륜,남,23세,중상,,,,
음주운전,2022012100100652,2022년 1월 21일 21시,금요일,부산광역시 수영구 광안동,경상사고,0,0,1,0,차대차 - 측면충돌,안전운전불이행,건조,맑음,교차로 - 교차로안,화물,남,48세,상해없음,이륜,남,46세,경상
음주운전,2022012300100002,2022년 1월 23일 00시,일요일,부산광역시 해운대구 우동,경상사고,0,0,1,0,차대차 - 추돌,안전운전불이행,건조,맑음,단일로 - 기타,승용,남,32세,상해없음,이륜,남,33세,경상
음주운전,2022012300100004,2022년 1월 23일 00시,일요일,부산광역시 사하구 하단동,경상사고,0,0,2,0,차대차 - 추돌,안전운전불이행,건조,맑음,단일로 - 기타,화물,남,27세,상해없음,승용,남,25세,경상
음주운전,2022012300100206,2022년 1월 23일 16시,일요일,부산광역시 수영구 광안동,경상사고,0,0,1,0,차대차 - 측면충돌,안전운전불이행,건조,맑음,교차로 - 교차로부근,승용,여,24세,상해없음,승용,여,25세,경상
음주운전,2.02201E+15,2022년 1월 23일 19시,일요일,부산광역시 강서구 명지동,경상사고,0,0,1,0,차대차 - 추돌,안전운전불이행,건조,맑음,단일로 - 기타,승용,남,55세,상해없음,승용,남,62세,경상
음주운전,2022012300100364,2022년 1월 23일 21시,일요일,부산광역시 부산진구 당감동,중상사고,0,1,1,0,차대차 - 추돌,안전운전불이행,건조,맑음,단일로 - 기타,이륜,남,18세,중상,승용,여,44세,경상
음주운전,2022012400100456,2022년 1월 24일 19시,월요일,부산광역시 서구 암남동,중상사고,0,1,0,0,차대차 - 추돌,안전거리미확보,건조,맑음,단일로 - 기타,승용,남,52세,상해없음,승합,남,61세,상해없음
음주운전,2.02201E+15,2022년 1월 24일 21시,월요일,부산광역시 북구 화명동,경상사고,0,0,1,0,차대차 - 기타,신호위반,건조,맑음,교차로 - 교차로안,승용,남,36세,상해없음,이륜,남,18세,경상
음주운전,2022012400100547,2022년 1월 24일 22시,월요일,부산광역시 북구 덕천동,경상사고,0,0,1,0,차대사람 - 기타,안전운전불이행,건조,맑음,단일로 - 기타,승용,남,39세,상해없음,보행자,남,28세,경상
음주운전,2022012500100099,2022년 1월 25일 09시,화요일,부산광역시 수영구 광안동,경상사고,0,0,2,0,차대차 - 추돌,안전운전불이행,건조,맑음,단일로 - 기타,승용,남,36세,상해없음,승용,남,65세,상해없음
음주운전,2022012600100522,2022년 1월 26일 21시,수요일,부산광역시 기장군 정관읍,경상사고,0,0,1,0,차대차 - 측면충돌,안전운전불이행,건조,맑음,단일로 - 기타,승용,남,39세,상해없음,승용,남,44세,경상
음주운전,2022012700100532,2022년 1월 27일 22시,목요일,부산광역시 사하구 신평동,경상사고,0,0,2,0,차대차 - 추돌,안전운전불이행,건조,맑음,단일로 - 기타,승용,여,51세,상해없음,승용,남,46세,경상
음주운전,2022012800100353,2022년 1월 28일 16시,금요일,부산광역시 동래구 안락동,경상사고,0,0,1,0,차대차 - 추돌,안전운전불이행,건조,맑음,단일로 - 기타,승용,남,45세,상해없음,승용,여,67세,경상
음주운전,2022012900100011,2022년 1월 29일 01시,토요일,부산광역시 수영구 광안동,경상사고,0,0,2,0,차대차 - 추돌,불법유턴,건조,맑음,교차로 - 교차로부근,승용,남,29세,상해없음,승용,남,28세,경상
음주운전,2022012900100329,2022년 1월 29일 18시,토요일,부산광역시 사하구 다대동,경상사고,0,0,1,0,차대차 - 정면충돌,중앙선침범,건조,맑음,단일로 - 기타,승용,남,59세,상해없음,승용,남,48세,상해없음
음주운전,2022012900100414,2022년 1월 29일 21시,토요일,부산광역시 북구 덕천동,중상사고,0,1,1,0,차대차 - 기타,중앙선침범,건조,맑음,단일로 - 기타,승용,남,59세,상해없음,승용,남,34세,경상
음주운전,2022012900100415,2022년 1월 29일 21시,토요일,부산광역시 부산진구 범천동,경상사고,0,0,1,0,차대차 - 측면충돌,안전거리미확보,건조,맑음,단일로 - 교량,승용,남,26세,상해없음,승용,남,56세,경상
음주운전,2022012900100446,2022년 1월 29일 22시,토요일,부산광역시 부산진구 부전동,경상사고,0,0,1,0,차대차 - 기타,안전운전불이행,건조,맑음,단일로 - 기타,승용,남,20세,상해없음,승용,남,38세,경상
음주운전,2022013000100014,2022년 1월 30일 01시,일요일,부산광역시 동래구 온천동,경상사고,0,0,2,0,차대차 - 추돌,안전운전불이행,건조,맑음,단일로 - 기타,승용,남,24세,상해없음,승용,남,60세,경상
음주운전,2022013000100109,2022년 1월 30일 13시,일요일,부산광역시 부산진구 전포동,경상사고,0,0,1,0,차대차 - 추돌,기타,건조,맑음,단일로 - 기타,승용,남,44세,상해없음,이륜,남,30세,경상
음주운전,2022013000100256,2022년 1월 30일 18시,일요일,부산광역시 사하구 다대동,중상사고,0,1,1,0,차대차 - 추돌,안전운전불이행,건조,맑음,교차로 - 교차로부근,승용,여,27세,상해없음,승용,남,50세,경상
음주운전,2022013000100278,2022년 1월 30일 19시,일요일,부산광역시 서구 동대신동1가,경상사고,0,0,1,3,차대차 - 추돌,안전운전불이행,건조,맑음,단일로 - 기타,화물,남,52세,상해없음,승용,남,49세,부상신고
음주운전,2.02201E+15,2022년 1월 30일 21시,일요일,부산광역시 북구 구포동,경상사고,0,0,1,0,차대차 - 추돌,안전운전불이행,건조,맑음,교차로 - 교차로안,승용,남,21세,상해없음,이륜,남,19세,경상
음주운전,2022013000100357,2022년 1월 30일 22시,일요일,부산광역시 해운대구 우동,경상사고,0,0,2,0,차대차 - 후진중충돌,안전운전불이행,건조,맑음,주차장 - 주차장,승용,남,22세,상해없음,승용,남,26세,경상
음주운전,2022013100100095,2022년 1월 31일 13시,월요일,부산광역시 동구 범일동,경상사고,0,0,1,1,차대차 - 기타,중앙선침범,건조,맑음,단일로 - 기타,승용,남,20세,부상신고,승용,남,73세,경상
음주운전,2022013100100262,2022년 1월 31일 20시,월요일,부산광역시 중구 대청동2가,경상사고,0,0,1,0,차량단독 - 전도전복 - 전도,안전운전불이행,건조,맑음,교차로 - 교차로안,이륜,남,63세,경상,,,,
음주운전,2022013100100292,2022년 1월 31일 21시,월요일,부산광역시 부산진구 부전동,경상사고,0,0,1,0,차대차 - 측면충돌,안전운전불이행,건조,맑음,교차로 - 교차로안,승용,남,41세,상해없음,승용,남,28세,경상
음주운전,2022020100100219,2022년 2월 1일 21시,화요일,부산광역시 북구 화명동,경상사고,0,0,2,0,차대차 - 측면충돌,신호위반,건조,맑음,교차로 - 교차로안,승용,남,21세,상해없음,승용,남,36세,경상
음주운전,2022020100100238,2022년 2월 1일 22시,화요일,부산광역시 부산진구 부전동,경상사고,0,0,1,0,차대차 - 측면충돌,안전운전불이행,건조,맑음,교차로 - 교차로안,승용,남,23세,상해없음,승용,여,23세,경상
음주운전,2022020200100004,2022년 2월 2일 00시,수요일,부산광역시 동래구 안락동,경상사고,0,0,2,0,차대차 - 기타,안전운전불이행,건조,맑음,단일로 - 기타,승용,남,23세,상해없음,승용,남,37세,상해없음
음주운전,2022020200100286,2022년 2월 2일 21시,수요일,부산광역시 사상구 덕포동,사망사고,1,0,0,0,차대사람 - 횡단중,기타,건조,맑음,단일로 - 지하차도(도로)내,승용,남,34세,상해없음,보행자,남,63세,사망
음주운전,2.02202E+15,2022년 2월 4일 14시,금요일,부산광역시 금정구 서동,부상신고사고,0,0,0,1,차대차 - 기타,안전운전불이행,건조,맑음,단일로 - 기타,이륜,남,43세,부상신고,승용,남,61세,상해없음
음주운전,2022020400100447,2022년 2월 4일 21시,금요일,부산광역시 남구 감만동,경상사고,0,0,4,0,차대차 - 추돌,안전운전불이행,건조,맑음,교차로 - 교차로부근,승용,남,61세,상해없음,승합,남,47세,경상
음주운전,2022020400100483,2022년 2월 4일 22시,금요일,부산광역시 해운대구 우동,경상사고,0,0,1,0,차대차 - 추돌,안전운전불이행,건조,맑음,교차로 - 교차로부근,승용,남,23세,상해없음,승용,남,57세,경상
음주운전,2022020500100376,2022년 2월 5일 22시,토요일,부산광역시 서구 남부민동,경상사고,0,0,3,0,차대차 - 기타,안전운전불이행,건조,맑음,단일로 - 기타,승용,남,55세,상해없음,이륜,남,65세,상해없음
음주운전,2.02202E+15,2022년 2월 7일 21시,월요일,부산광역시 남구 대연동,경상사고,0,0,1,0,차대차 - 추돌,안전운전불이행,건조,맑음,단일로 - 기타,승용,여,38세,상해없음,승용,여,34세,경상
음주운전,2022020700100408,2022년 2월 7일 23시,월요일,부산광역시 연제구 연산동,부상신고사고,0,0,0,1,차량단독 - 기타,안전운전불이행,건조,맑음,단일로 - 기타,이륜,남,44세,부상신고,,,,
음주운전,2022020800100003,2022년 2월 8일 00시,화요일,부산광역시 금정구 노포동,경상사고,0,0,1,0,차대차 - 추돌,안전운전불이행,건조,맑음,교차로 - 교차로부근,승용,남,36세,상해없음,승용,남,39세,경상
음주운전,2022020800100494,2022년 2월 8일 22시,화요일,부산광역시 동구 초량동,경상사고,0,0,2,0,차대차 - 추돌,안전운전불이행,건조,맑음,단일로 - 기타,승용,남,52세,상해없음,승용,남,62세,경상
음주운전,2022020900100401,2022년 2월 9일 19시,수요일,부산광역시 사하구 감천동,중상사고,0,1,0,0,차대차 - 정면충돌,중앙선침범,건조,맑음,단일로 - 기타,승용,남,36세,상해없음,승용,남,68세,중상
음주운전,2022020900100442,2022년 2월 9일 20시,수요일,부산광역시 수영구 망미동,중상사고,0,1,0,0,차대차 - 기타,안전운전불이행,건조,맑음,교차로 - 교차로안,승용,남,50세,상해없음,승용,여,55세,중상
음주운전,2022021100100407,2022년 2월 11일 19시,금요일,부산광역시 서구 동대신동2가,경상사고,0,0,1,0,차대차 - 측면충돌,안전운전불이행,건조,맑음,교차로 - 교차로안,화물,남,64세,상해없음,승용,남,51세,경상
음주운전,2022021100100469,2022년 2월 11일 21시,금요일,부산광역시 연제구 거제동,경상사고,0,0,1,0,차대차 - 추돌,안전운전불이행,건조,맑음,단일로 - 기타,승용,여,53세,상해없음,승용,남,60세,경상
음주운전,2022021100100504,2022년 2월 11일 22시,금요일,부산광역시 영도구 봉래동1가,중상사고,0,1,1,0,차대차 - 기타,안전운전불이행,건조,맑음,단일로 - 교량,이륜,남,37세,중상,승용,남,43세,상해없음