사고부문,사고번호,사고일시,요일,시군구,사고내용,사망자수,중상자수,경상자수,부상신고자수,사고유형,법규위반,노면상태,기상상태,도로형태,가해운전자 차종,가해운전자 성별,가해운전자 연령,가해운전자 상해정도,피해운전자 차종,피해운전자 성별,피해운전자 연령,피해운전자 상해정도
음주운전,2022021200100019,2022년 2월 12일 02시,토요일,부산광역시 영도구 대교동1가,중상사고,0,1,0,0,차대차 - 추돌,안전운전불이행,건조,맑음,단일로 - 기타,이륜,남,23세,중상,화물,남,41세,상해없음
음주운전,2022021200100028,2022년 2월 12일 04시,토요일,부산광역시 사하구 구평동,중상사고,0,1,0,0,차량단독 - 전도전복 - 전도,안전운전불이행,건조,맑음,단일로 - 기타,이륜,남,40세,상해없음,,,,
음주운전,2022021300100004,2022년 2월 13일 00시,일요일,부산광역시 사하구 신평동,중상사고,0,1,2,0,차대차 - 기타,안전운전불이행,건조,맑음,단일로 - 지하차도(도로)내,승용,남,32세,기타불명,승용,남,58세,중상
음주운전,2022021300100296,2022년 2월 13일 21시,일요일,부산광역시 강서구 대저1동,경상사고,0,0,2,0,차대차 - 측면충돌,안전운전불이행,건조,맑음,단일로 - 기타,승용,남,53세,상해없음,승용,남,56세,경상
음주운전,2022021500100451,2022년 2월 15일 23시,화요일,부산광역시 부산진구 전포동,중상사고,0,1,0,0,차대차 - 추돌,안전운전불이행,건조,맑음,교차로 - 교차로부근,승용,남,32세,상해없음,승용,여,43세,중상
음주운전,2022021600100188,2022년 2월 16일 14시,수요일,부산광역시 서구 암남동,경상사고,0,0,2,0,차대차 - 추돌,안전거리미확보,건조,맑음,교차로 - 교차로부근,승용,남,56세,상해없음,승용,여,41세,경상
음주운전,2022021600100453,2022년 2월 16일 22시,수요일,부산광역시 사하구 신평동,경상사고,0,0,2,0,차대차 - 기타,안전운전불이행,건조,맑음,단일로 - 지하차도(도로)내,승용,남,39세,상해없음,승합,남,54세,경상
음주운전,2022021700100478,2022년 2월 17일 23시,목요일,부산광역시 북구 만덕동,중상사고,0,1,1,1,차대차 - 기타,중앙선침범,건조,맑음,교차로 - 교차로안,승용,남,22세,상해없음,승합,남,44세,중상
음주운전,2.02202E+15,2022년 2월 18일 18시,금요일,부산광역시 해운대구 우동,경상사고,0,0,1,0,차량단독 - 공작물충돌,안전운전불이행,건조,맑음,교차로 - 교차로안,이륜,남,62세,경상,,,,
음주운전,2022021800100499,2022년 2월 18일 22시,금요일,부산광역시 해운대구 중동,경상사고,0,0,1,0,차대차 - 기타,안전운전불이행,건조,맑음,단일로 - 기타,승용,여,55세,상해없음,이륜,남,56세,경상
음주운전,2022021800100514,2022년 2월 18일 23시,금요일,부산광역시 수영구 광안동,경상사고,0,0,2,0,차대차 - 추돌,안전운전불이행,건조,흐림,단일로 - 기타,승용,여,62세,상해없음,승용,남,42세,경상
음주운전,2022021900100003,2022년 2월 19일 00시,토요일,부산광역시 수영구 남천동,경상사고,0,0,1,0,차대차 - 추돌,안전운전불이행,건조,맑음,단일로 - 기타,이륜,남,20세,상해없음,승용,남,30세,경상
음주운전,2022021900100025,2022년 2월 19일 04시,토요일,부산광역시 금정구 두구동,중상사고,0,1,0,1,차대차 - 기타,안전운전불이행,건조,흐림,단일로 - 기타,승용,남,35세,부상신고,승용,여,30세,상해없음
음주운전,2022022000100303,2022년 2월 20일 21시,일요일,부산광역시 해운대구 우동,경상사고,0,0,2,0,차대차 - 정면충돌,안전운전불이행,건조,맑음,교차로 - 교차로안,승용,여,35세,상해없음,승용,남,54세,경상
음주운전,2022022000100347,2022년 2월 20일 23시,일요일,부산광역시 서구 동대신동1가,경상사고,0,0,1,0,차대차 - 측면충돌,신호위반,건조,맑음,교차로 - 교차로부근,원동기,남,27세,경상,승용,남,28세,상해없음
음주운전,2022022000100348,2022년 2월 20일 23시,일요일,부산광역시 부산진구 전포동,경상사고,0,0,1,0,차대차 - 정면충돌,중앙선침범,건조,맑음,기타 - 기타,승용,남,22세,상해없음,승용,남,59세,경상
음주운전,2022022200100478,2022년 2월 22일 22시,화요일,부산광역시 금정구 장전동,경상사고,0,0,1,0,차대차 - 정면충돌,신호위반,건조,맑음,단일로 - 기타,승용,남,21세,상해없음,이륜,남,39세,경상
음주운전,2022022300100296,2022년 2월 23일 17시,수요일,부산광역시 강서구 대저1동,경상사고,0,0,2,0,차대차 - 추돌,안전운전불이행,건조,맑음,단일로 - 기타,화물,남,51세,상해없음,화물,남,54세,경상
음주운전,2022022300100445,2022년 2월 23일 22시,수요일,부산광역시 강서구 녹산동,경상사고,0,0,1,0,차대차 - 추돌,안전거리미확보,건조,맑음,교차로 - 교차로부근,승용,남,31세,상해없음,승용,남,42세,경상
음주운전,2022022400100235,2022년 2월 24일 14시,목요일,부산광역시 남구 감만동,경상사고,0,0,1,0,차대차 - 추돌,기타,건조,맑음,교차로 - 교차로부근,화물,남,57세,상해없음,승용,남,28세,경상
음주운전,2022022400100274,2022년 2월 24일 15시,목요일,부산광역시 사하구 장림동,중상사고,0,1,0,0,차대사람 - 기타,안전운전불이행,건조,맑음,단일로 - 기타,승용,남,40세,상해없음,보행자,여,82세,중상
음주운전,2022022400100346,2022년 2월 24일 17시,목요일,부산광역시 금정구 노포동,경상사고,0,0,1,0,차대차 - 측면충돌,안전운전불이행,건조,맑음,단일로 - 기타,원동기,남,68세,경상,승용,여,46세,상해없음
음주운전,2022022400100509,2022년 2월 24일 22시,목요일,부산광역시 연제구 거제동,경상사고,0,0,1,0,차대차 - 추돌,안전운전불이행,건조,맑음,단일로 - 기타,승용,여,37세,상해없음,승용,남,64세,경상
음주운전,2.02202E+15,2022년 2월 26일 22시,토요일,부산광역시 강서구 명지동,경상사고,0,0,1,0,차대차 - 후진중충돌,안전운전불이행,건조,맑음,단일로 - 기타,승용,남,48세,상해없음,이륜,남,20세,경상
음주운전,2022022700100335,2022년 2월 27일 21시,일요일,부산광역시 사상구 덕포동,경상사고,0,0,2,0,차량단독 - 공작물충돌,안전운전불이행,기타,맑음,기타 - 기타,이륜,남,41세,경상,,,,
음주운전,2022022800100002,2022년 2월 28일 00시,월요일,부산광역시 부산진구 전포동,경상사고,0,0,1,0,차량단독 - 공작물충돌,안전운전불이행,건조,맑음,기타 - 기타,이륜,남,27세,상해없음,,,,
음주운전,2022022800100006,2022년 2월 28일 01시,월요일,부산광역시 강서구 녹산동,중상사고,0,1,0,0,차량단독 - 공작물충돌,안전운전불이행,건조,맑음,단일로 - 지하차도(도로)내,이륜,남,36세,중상,,,,
음주운전,2022022800100029,2022년 2월 28일 06시,월요일,부산광역시 부산진구 범천동,부상신고사고,0,0,0,1,차대차 - 추돌,안전운전불이행,건조,기타,단일로 - 기타,이륜,남,21세,부상신고,건설기계,남,55세,상해없음
음주운전,2022022800100434,2022년 2월 28일 19시,월요일,부산광역시 남구 문현동,중상사고,0,2,1,0,차대차 - 추돌,안전운전불이행,건조,맑음,단일로 - 기타,승용,남,55세,상해없음,승용,여,33세,중상
음주운전,2.02203E+15,2022년 3월 1일 03시,화요일,부산광역시 서구 서대신동3가,경상사고,0,0,1,0,차량단독 - 공작물충돌,안전운전불이행,건조,맑음,교차로 - 교차로부근,원동기,남,30세,경상,,,,
음주운전,2022030100100092,2022년 3월 1일 11시,화요일,부산광역시 사하구 괴정동,경상사고,0,0,3,0,차대차 - 추돌,안전거리미확보,건조,맑음,단일로 - 기타,승용,남,60세,상해없음,승용,남,57세,경상
음주운전,2.02203E+15,2022년 3월 1일 12시,화요일,부산광역시 부산진구 당감동,중상사고,0,1,0,0,차대차 - 기타,신호위반,젖음/습기,흐림,교차로 - 교차로안,승용,남,60세,상해없음,이륜,남,55세,중상
음주운전,2022030100100314,2022년 3월 1일 20시,화요일,부산광역시 연제구 연산동,경상사고,0,0,1,0,차대차 - 측면충돌,안전거리미확보,건조,맑음,단일로 - 기타,이륜,남,55세,상해없음,승용,여,41세,경상
음주운전,2022030100100361,2022년 3월 1일 23시,화요일,부산광역시 동래구 온천동,부상신고사고,0,0,0,1,차대차 - 추돌,안전운전불이행,건조,맑음,교차로 - 교차로부근,승용,남,27세,상해없음,승용,남,40세,부상신고
음주운전,2.02203E+15,2022년 3월 2일 18시,수요일,부산광역시 부산진구 부전동,경상사고,0,0,1,0,차대차 - 측면충돌,안전거리미확보,건조,맑음,단일로 - 기타,승용,여,42세,상해없음,승용,여,50세,경상
음주운전,2022030200100438,2022년 3월 2일 19시,수요일,부산광역시 사하구 구평동,경상사고,0,0,1,0,차대차 - 추돌,안전운전불이행,건조,맑음,교차로 - 교차로부근,화물,남,40세,상해없음,승용,남,67세,경상
음주운전,2022030400100001,2022년 3월 4일 00시,금요일,부산광역시 해운대구 재송동,경상사고,0,0,1,0,차대차 - 정면충돌,안전운전불이행,건조,맑음,단일로 - 기타,승용,여,49세,상해없음,승용,남,48세,경상
음주운전,2022030400100417,2022년 3월 4일 21시,금요일,부산광역시 기장군 정관읍,경상사고,0,0,2,0,차대차 - 추돌,안전운전불이행,건조,맑음,교차로 - 교차로부근,승용,남,51세,상해없음,승용,남,38세,경상
음주운전,2022030700100347,2022년 3월 7일 19시,월요일,부산광역시 강서구 명지동,경상사고,0,0,2,0,차대차 - 추돌,안전운전불이행,건조,맑음,단일로 - 기타,승용,남,39세,상해없음,승용,남,73세,경상
음주운전,2022030800100342,2022년 3월 8일 18시,화요일,부산광역시 해운대구 우동,중상사고,0,1,1,0,차대차 - 추돌,안전운전불이행,건조,맑음,단일로 - 터널,화물,남,56세,상해없음,승용,여,51세,중상
음주운전,2022030900100003,2022년 3월 9일 00시,수요일,부산광역시 강서구 구랑동,경상사고,0,0,1,0,차대차 - 추돌,안전운전불이행,건조,맑음,교차로 - 교차로부근,승용,남,43세,상해없음,승용,남,29세,경상
음주운전,2022030900100052,2022년 3월 9일 07시,수요일,부산광역시 기장군 일광읍,경상사고,0,0,1,0,차대차 - 측면충돌,신호위반,건조,맑음,교차로 - 교차로안,화물,남,48세,상해없음,승용,남,43세,경상
음주운전,2022030900100373,2022년 3월 9일 21시,수요일,부산광역시 남구 대연동,경상사고,0,0,1,0,차대차 - 추돌,안전운전불이행,건조,흐림,단일로 - 고가도로위,승용,여,37세,상해없음,이륜,남,23세,경상
음주운전,2.02203E+15,2022년 3월 10일 20시,목요일,부산광역시 수영구 광안동,경상사고,0,0,1,0,차대차 - 추돌,안전운전불이행,서리/결빙,맑음,단일로 - 기타,승용,여,51세,상해없음,승용,남,41세,경상
음주운전,2022031100100016,2022년 3월 11일 04시,금요일,부산광역시 동래구 명장동,경상사고,0,0,1,0,차대차 - 추돌,안전운전불이행,건조,맑음,교차로 - 교차로부근,이륜,남,25세,경상,화물,기타불명,미분류,기타불명
음주운전,2022031100100504,2022년 3월 11일 23시,금요일,부산광역시 금정구 장전동,경상사고,0,0,1,0,차대차 - 추돌,안전운전불이행,건조,맑음,교차로 - 교차로부근,승용,여,63세,상해없음,승용,남,47세,경상
음주운전,2022031200100341,2022년 3월 12일 19시,토요일,부산광역시 강서구 송정동,경상사고,0,0,1,0,차대차 - 추돌,안전운전불이행,건조,맑음,단일로 - 기타,이륜,남,37세,상해없음,승용,남,37세,경상
음주운전,2022031200100437,2022년 3월 12일 22시,토요일,부산광역시 기장군 정관읍,경상사고,0,0,1,0,차대차 - 측면충돌,기타,건조,맑음,교차로 - 교차로부근,승용,남,44세,상해없음,승용,남,33세,경상
음주운전,2022031300100125,2022년 3월 13일 14시,일요일,부산광역시 강서구 구랑동,중상사고,0,2,1,0,차대차 - 추돌,안전운전불이행,젖음/습기,비,교차로 - 교차로부근,승용,남,58세,상해없음,승용,남,46세,중상
음주운전,2.02203E+15,2022년 3월 14일 23시,월요일,부산광역시 사상구 주례동,경상사고,0,0,1,0,차대차 - 추돌,안전운전불이행,건조,맑음,교차로 - 교차로부근,승용,남,27세,상해없음,승용,남,70세,경상
음주운전,2022031500100438,2022년 3월 15일 22시,화요일,부산광역시 부산진구 전포동,중상사고,0,1,0,0,차대차 - 기타,차로위반,건조,맑음,단일로 - 기타,승용,남,38세,상해없음,이륜,남,33세,중상
음주운전,2022031600100451,2022년 3월 16일 23시,수요일,부산광역시 부산진구 부전동,경상사고,0,0,3,0,차대차 - 추돌,안전운전불이행,건조,맑음,교차로 - 교차로안,승용,남,32세,상해없음,승용,남,62세,경상
음주운전,2022031700100441,2022년 3월 17일 22시,목요일,부산광역시 북구 화명동,경상사고,0,0,3,0,차대차 - 기타,신호위반,젖음/습기,흐림,교차로 - 교차로안,승용,남,22세,상해없음,승용,남,34세,경상
음주운전,2022031700100465,2022년 3월 17일 23시,목요일,부산광역시 북구 구포동,경상사고,0,0,1,0,차대차 - 추돌,안전운전불이행,젖음/습기,흐림,교차로 - 교차로부근,승용,남,30세,상해없음,승용,남,55세,경상
음주운전,2022031700100467,2022년 3월 17일 23시,목요일,부산광역시 사하구 장림동,경상사고,0,0,1,0,차대차 - 추돌,안전운전불이행,젖음/습기,비,단일로 - 기타,화물,남,26세,상해없음,이륜,남,21세,경상
음주운전,2022031800100033,2022년 3월 18일 06시,금요일,부산광역시 북구 덕천동,경상사고,0,0,2,0,차대차 - 추돌,안전운전불이행,젖음/습기,비,교차로 - 교차로부근,승용,남,36세,상해없음,승용,남,56세,경상
음주운전,2022031800100379,2022년 3월 18일 22시,금요일,부산광역시 남구 우암동,경상사고,0,0,1,0,차대차 - 추돌,안전운전불이행,젖음/습기,흐림,단일로 - 기타,승용,남,52세,상해없음,승합,남,75세,상해없음
음주운전,2.02203E+15,2022년 3월 19일 13시,토요일,부산광역시 동래구 복천동,경상사고,0,0,1,0,차대차 - 측면충돌,안전운전불이행,건조,맑음,교차로 - 교차로부근,화물,남,60세,상해없음,승용,남,73세,경상
음주운전,2022031900100416,2022년 3월 19일 23시,토요일,부산광역시 사하구 신평동,경상사고,0,0,2,0,차대차 - 추돌,안전운전불이행,건조,맑음,단일로 - 기타,승용,남,61세,상해없음,승용,남,49세,경상
음주운전,2.02203E+15,2022년 3월 20일 18시,일요일,부산광역시 사하구 신평동,경상사고,0,0,1,0,차대차 - 측면충돌,신호위반,건조,맑음,교차로 - 교차로안,승용,남,42세,상해없음,승용,남,34세,경상
음주운전,2022032100100086,2022년 3월 21일 09시,월요일,부산광역시 사하구 감천동,경상사고,0,0,1,0,차대차 - 추돌,안전운전불이행,건조,맑음,단일로 - 기타,승용,남,27세,상해없음,화물,남,63세,경상
음주운전,2022032200100115,2022년 3월 22일 11시,화요일,부산광역시 부산진구 부전동,경상사고,0,0,1,0,차량단독 - 전도전복 - 전도,안전운전불이행,건조,맑음,단일로 - 기타,이륜,남,64세,경상,,,,
음주운전,2022032300100016,2022년 3월 23일 02시,수요일,부산광역시 금정구 부곡동,경상사고,0,0,1,0,차대차 - 추돌,안전운전불이행,건조,맑음,교차로 - 교차로부근,승용,남,25세,상해없음,승용,여,59세,경상
음주운전,2022032300100346,2022년 3월 23일 19시,수요일,부산광역시 강서구 대저1동,경상사고,0,0,2,0,차대차 - 추돌,안전운전불이행,건조,맑음,단일로 - 기타,화물,남,54세,상해없음,승용,남,25세,경상
음주운전,2022032400100265,2022년 3월 24일 16시,목요일,부산광역시 동구 범일동,경상사고,0,0,1,0,차대사람 - 기타,안전운전불이행,건조,맑음,단일로 - 기타,승용,남,34세,상해없음,보행자,여,70세,경상
음주운전,2022032500100591,2022년 3월 25일 23시,금요일,부산광역시 동구 범일동,부상신고사고,0,0,0,1,차대차 - 기타,교차로운행방법위반,젖음/습기,비,교차로 - 교차로안,승용,남,30세,상해없음,화물,남,59세,부상신고
음주운전,2022032700100004,2022년 3월 27일 00시,일요일,부산광역시 남구 대연동,경상사고,0,0,3,0,차대차 - 기타,안전운전불이행,건조,맑음,단일로 - 기타,승용,남,36세,상해없음,승용,여,29세,경상
음주운전,2022032700100376,2022년 3월 27일 23시,일요일,부산광역시 부산진구 개금동,부상신고사고,0,0,0,1,차량단독 - 기타,안전운전불이행,건조,맑음,기타 - 기타,원동기,남,17세,부상신고,,,,
음주운전,2022032800100009,2022년 3월 28일 01시,월요일,부산광역시 기장군 정관읍,경상사고,0,0,1,0,차대차 - 추돌,안전운전불이행,건조,맑음,단일로 - 고가도로위,승용,남,22세,상해없음,화물,남,56세,경상
음주운전,2022032800100479,2022년 3월 28일 23시,월요일,부산광역시 동구 초량동,경상사고,0,0,2,0,차대차 - 추돌,안전운전불이행,건조,맑음,단일로 - 지하차도(도로)내,이륜,남,27세,상해없음,승용,남,32세,경상
음주운전,2022033000100002,2022년 3월 30일 00시,수요일,부산광역시 금정구 장전동,경상사고,0,0,2,0,차량단독 - 전도전복 - 전도,안전운전불이행,건조,맑음,단일로 - 기타,이륜,남,25세,경상,,,,
음주운전,2022033100100015,2022년 3월 31일 02시,목요일,부산광역시 동래구 사직동,중상사고,0,1,0,0,차대차 - 측면충돌,신호위반,건조,맑음,교차로 - 교차로안,원동기,남,39세,중상,화물,남,64세,상해없음
음주운전,2022033100100481,2022년 3월 31일 23시,목요일,부산광역시 강서구 죽동동,중상사고,0,1,0,0,차대차 - 추돌,안전운전불이행,건조,맑음,단일로 - 지하차도(도로)내,승용,남,49세,중상,특수,남,65세,기타불명
음주운전,2022040100100488,2022년 4월 1일 21시,금요일,부산광역시 해운대구 좌동,중상사고,0,1,0,0,차대차 - 추돌,안전운전불이행,건조,맑음,교차로 - 교차로부근,승용,남,53세,상해없음,원동기,남,54세,중상
음주운전,2022040200100007,2022년 4월 2일 00시,토요일,부산광역시 사하구 괴정동,경상사고,0,0,3,1,차대차 - 추돌,안전운전불이행,건조,맑음,단일로 - 기타,승용,남,22세,상해없음,이륜,남,26세,경상
음주운전,2022040200100218,2022년 4월 2일 13시,토요일,부산광역시 부산진구 가야동,중상사고,0,1,0,0,차대차 - 기타,교차로운행방법위반,건조,맑음,교차로 - 교차로안,승용,남,61세,상해없음,이륜,남,24세,중상
음주운전,2022040300100002,2022년 4월 3일 00시,일요일,부산광역시 사하구 하단동,경상사고,0,0,1,0,차대차 - 추돌,안전운전불이행,건조,맑음,단일로 - 기타,화물,남,30세,상해없음,승용,남,72세,경상
음주운전,2022040300100333,2022년 4월 3일 19시,일요일,부산광역시 부산진구 부전동,경상사고,0,0,1,1,차대차 - 추돌,안전운전불이행,건조,기타,단일로 - 기타,이륜,남,57세,부상신고,이륜,남,26세,경상
음주운전,2022040400100004,2022년 4월 4일 00시,월요일,부산광역시 금정구 부곡동,경상사고,0,0,4,0,차대차 - 측면충돌,안전운전불이행,건조,맑음,교차로 - 교차로부근,승용,남,51세,상해없음,승용,여,65세,경상
음주운전,2022040600100002,2022년 4월 6일 00시,수요일,부산광역시 부산진구 초읍동,경상사고,0,0,1,0,차대차 - 추돌,안전거리미확보,건조,맑음,단일로 - 기타,승용,여,45세,상해없음,승용,남,47세,경상
음주운전,2022040600100513,2022년 4월 6일 22시,수요일,부산광역시 동래구 안락동,경상사고,0,0,1,0,차대차 - 추돌,안전운전불이행,건조,맑음,단일로 - 기타,승용,남,40세,상해없음,승용,남,24세,경상
음주운전,2022040700100008,2022년 4월 7일 00시,목요일,부산광역시 사하구 괴정동,경상사고,0,0,1,0,차대차 - 추돌,안전운전불이행,건조,맑음,단일로 - 기타,승용,남,35세,상해없음,승용,여,54세,경상
음주운전,2022040700100022,2022년 4월 7일 01시,목요일,부산광역시 부산진구 당감동,중상사고,0,1,0,0,차량단독 - 기타,안전운전불이행,건조,맑음,기타 - 기타,이륜,남,43세,중상,,,,
음주운전,2022040700100542,2022년 4월 7일 22시,목요일,부산광역시 사하구 신평동,경상사고,0,0,1,0,차대차 - 추돌,안전거리미확보,건조,맑음,교차로 - 교차로부근,승용,남,38세,상해없음,화물,남,48세,경상
음주운전,2022040800100008,2022년 4월 8일 00시,금요일,부산광역시 사상구 엄궁동,경상사고,0,0,1,1,차대차 - 추돌,안전운전불이행,건조,맑음,단일로 - 기타,승용,남,54세,부상신고,화물,남,52세,경상
음주운전,2022040900100231,2022년 4월 9일 13시,토요일,부산광역시 남구 문현동,중상사고,0,1,0,0,차대차 - 측면충돌,안전운전불이행,건조,맑음,교차로 - 교차로안,승용,남,53세,상해없음,승용,남,54세,중상
음주운전,2022040900100558,2022년 4월 9일 21시,토요일,부산광역시 부산진구 전포동,중상사고,0,2,2,0,차대차 - 추돌,안전운전불이행,건조,맑음,교차로 - 교차로부근,승용,남,45세,상해없음,화물,남,39세,경상
음주운전,2022041000100168,2022년 4월 10일 13시,일요일,부산광역시 금정구 노포동,경상사고,0,0,1,0,차대차 - 추돌,안전운전불이행,건조,맑음,단일로 - 기타,화물,남,54세,상해없음,승용,남,23세,경상
음주운전,2022041200100008,2022년 4월 12일 00시,화요일,부산광역시 부산진구 부암동,중상사고,0,1,2,0,차대차 - 후진중충돌,안전운전불이행,건조,맑음,단일로 - 기타,승용,남,48세,상해없음,승용,남,56세,경상
음주운전,2022041200100535,2022년 4월 12일 22시,화요일,부산광역시 북구 구포동,사망사고,1,0,0,0,차대사람 - 기타,안전운전불이행,건조,맑음,단일로 - 기타,승용,남,38세,상해없음,보행자,남,14세,사망
음주운전,2022041200100564,2022년 4월 12일 23시,화요일,부산광역시 강서구 대저2동,경상사고,0,0,1,0,차대차 - 추돌,안전거리미확보,건조,맑음,단일로 - 기타,승용,남,39세,상해없음,승용,여,32세,경상
음주운전,2022041300100307,2022년 4월 13일 16시,수요일,부산광역시 사하구 신평동,중상사고,0,1,0,0,차대차 - 측면충돌,신호위반,건조,맑음,교차로 - 교차로안,승용,남,58세,상해없음,승용,남,67세,중상
음주운전,2022041300100492,2022년 4월 13일 21시,수요일,부산광역시 사상구 주례동,경상사고,0,0,1,0,차대차 - 추돌,안전운전불이행,건조,맑음,교차로 - 교차로부근,승용,남,37세,상해없음,화물,남,33세,경상
음주운전,2022041400100397,2022년 4월 14일 18시,목요일,부산광역시 해운대구 재송동,경상사고,0,0,1,0,차대차 - 측면충돌,안전운전불이행,건조,맑음,단일로 - 기타,승용,여,46세,상해없음,승용,남,26세,경상
음주운전,2022041500100004,2022년 4월 15일 00시,금요일,부산광역시 강서구 명지동,경상사고,0,0,1,0,차대차 - 측면충돌,안전운전불이행,건조,맑음,단일로 - 기타,승용,남,40세,상해없음,승용,남,29세,경상
음주운전,2022041600100045,2022년 4월 16일 04시,토요일,부산광역시 해운대구 중동,사망사고,1,0,0,0,차대사람 - 횡단중,안전운전불이행,건조,맑음,단일로 - 기타,승용,남,42세,상해없음,보행자,여,73세,사망
음주운전,2022041600100055,2022년 4월 16일 06시,토요일,부산광역시 부산진구 양정동,경상사고,0,0,1,0,차대차 - 측면충돌,중앙선침범,건조,맑음,단일로 - 기타,승용,남,50세,상해없음,승용,남,57세,경상
음주운전,2022041600100521,2022년 4월 16일 19시,토요일,부산광역시 중구 영주동,경상사고,0,0,1,0,차대차 - 정면충돌,중앙선침범,건조,맑음,기타 - 기타,승용,남,51세,상해없음,승용,남,69세,경상
음주운전,2022041700100005,2022년 4월 17일 00시,일요일,부산광역시 사상구 감전동,경상사고,0,0,1,0,차대차 - 추돌,안전운전불이행,건조,기타,교차로 - 교차로부근,승용,남,26세,상해없음,승용,남,51세,경상
음주운전,2022041700100031,2022년 4월 17일 01시,일요일,부산광역시 북구 덕천동,경상사고,0,0,1,0,차대차 - 기타,중앙선침범,건조,맑음,교차로 - 교차로안,이륜,남,47세,경상,승용,남,55세,상해없음
음주운전,2022041700100221,2022년 4월 17일 14시,일요일,부산광역시 기장군 일광읍,경상사고,0,0,2,0,차대차 - 정면충돌,안전운전불이행,건조,맑음,단일로 - 기타,승용,여,26세,상해없음,승용,남,44세,경상
음주운전,2022041800100002,2022년 4월 18일 00시,월요일,부산광역시 부산진구 부전동,경상사고,0,0,1,0,차대사람 - 기타,안전운전불이행,건조,맑음,기타 - 기타,승용,남,52세,상해없음,보행자,여,24세,경상
음주운전,2022041800100514,2022년 4월 18일 21시,월요일,부산광역시 동구 초량동,경상사고,0,0,3,0,차대차 - 기타,안전운전불이행,건조,맑음,단일로 - 기타,승용,남,51세,상해없음,승용,남,61세,경상
음주운전,2022041800100538,2022년 4월 18일 22시,월요일,부산광역시 부산진구 부전동,경상사고,0,0,3,0,차대차 - 추돌,안전운전불이행,건조,맑음,단일로 - 기타,승용,남,33세,상해없음,승용,남,59세,경상
음주운전,2.02204E+15,2022년 4월 19일 03시,화요일,부산광역시 사하구 괴정동,부상신고사고,0,0,0,1,차량단독 - 공작물충돌,안전운전불이행,건조,맑음,단일로 - 기타,이륜,남,23세,부상신고,,,,
음주운전,2022041900100594,2022년 4월 19일 21시,화요일,부산광역시 부산진구 개금동,중상사고,0,2,2,0,차대차 - 기타,안전운전불이행,건조,맑음,기타 - 기타,승용,남,35세,상해없음,승용,남,45세,상해없음
음주운전,2022042000100026,2022년 4월 20일 03시,수요일,부산광역시 연제구 거제동,경상사고,0,0,1,0,차량단독 - 기타,안전운전불이행,건조,맑음,단일로 - 기타,이륜,남,19세,경상,,,,
음주운전,2022042000100027,2022년 4월 20일 03시,수요일,부산광역시 사상구 괘법동,경상사고,0,0,1,0,차량단독 - 공작물충돌,안전운전불이행,건조,맑음,단일로 - 기타,이륜,남,19세,경상,,,,
음주운전,2022042000100251,2022년 4월 20일 12시,수요일,부산광역시 수영구 망미동,경상사고,0,0,2,0,차대차 - 추돌,안전운전불이행,건조,맑음,단일로 - 기타,승용,남,30세,상해없음,승용,남,46세,경상
음주운전,2022042100100039,2022년 4월 21일 06시,목요일,부산광역시 사하구 신평동,경상사고,0,0,1,0,차대차 - 추돌,안전운전불이행,건조,맑음,교차로 - 교차로부근,승용,남,43세,상해없음,승용,남,44세,경상
음주운전,2022042100100072,2022년 4월 21일 08시,목요일,부산광역시 부산진구 가야동,경상사고,0,0,1,0,차대사람 - 횡단중,보행자보호의무위반,건조,맑음,단일로 - 기타,화물,남,43세,상해없음,보행자,여,66세,경상
음주운전,2022042200100549,2022년 4월 22일 22시,금요일,부산광역시 중구 중앙동4가,경상사고,0,0,1,0,차대차 - 측면충돌,신호위반,건조,맑음,교차로 - 교차로안,화물,남,38세,상해없음,화물,남,43세,경상
음주운전,2022042300100031,2022년 4월 23일 02시,토요일,부산광역시 기장군 일광읍,경상사고,0,0,1,0,차대차 - 측면충돌,안전운전불이행,건조,맑음,교차로 - 교차로안,이륜,남,25세,상해없음,승용,남,33세,경상