사고부문,사고번호,사고일시,요일,시군구,사고내용,사망자수,중상자수,경상자수,부상신고자수,사고유형,법규위반,노면상태,기상상태,도로형태,가해운전자 차종,가해운전자 성별,가해운전자 연령,가해운전자 상해정도,피해운전자 차종,피해운전자 성별,피해운전자 연령,피해운전자 상해정도
음주운전,2022042300100511,2022년 4월 23일 21시,토요일,부산광역시 북구 화명동,경상사고,0,0,3,0,차대차 - 측면충돌,안전운전불이행,건조,맑음,교차로 - 교차로안,승용,여,45세,상해없음,승용,남,38세,경상
음주운전,2.02204E+15,2022년 4월 23일 22시,토요일,부산광역시 수영구 수영동,경상사고,0,0,1,0,차대차 - 추돌,안전운전불이행,건조,맑음,교차로 - 교차로부근,승용,남,49세,상해없음,승용,남,66세,경상
음주운전,2022042400100022,2022년 4월 24일 01시,일요일,부산광역시 동구 초량동,경상사고,0,0,1,0,차대차 - 추돌,안전운전불이행,건조,맑음,교차로 - 교차로부근,승용,남,26세,상해없음,승용,남,54세,경상
음주운전,2022042500100245,2022년 4월 25일 13시,월요일,부산광역시 북구 만덕동,경상사고,0,0,1,0,차대차 - 기타,안전운전불이행,건조,맑음,단일로 - 기타,화물,남,60세,상해없음,승용,남,43세,경상
음주운전,2022042500100585,2022년 4월 25일 22시,월요일,부산광역시 금정구 남산동,중상사고,0,1,0,0,차대차 - 후진중충돌,안전운전불이행,건조,맑음,단일로 - 기타,승용,남,56세,상해없음,승용,여,55세,중상
음주운전,2022042600100506,2022년 4월 26일 21시,화요일,부산광역시 연제구 거제동,경상사고,0,0,1,0,차대차 - 정면충돌,안전운전불이행,건조,흐림,교차로 - 교차로부근,승용,남,40세,상해없음,승용,남,61세,경상
음주운전,2022042700100014,2022년 4월 27일 01시,수요일,부산광역시 동구 초량동,경상사고,0,0,1,0,차대차 - 후진중충돌,안전운전불이행,건조,맑음,단일로 - 기타,승용,남,40세,상해없음,승용,남,31세,경상
음주운전,2022042700100454,2022년 4월 27일 18시,수요일,부산광역시 강서구 강동동,경상사고,0,0,1,0,차대차 - 추돌,안전운전불이행,건조,맑음,단일로 - 기타,화물,남,56세,상해없음,화물,남,39세,경상
음주운전,2022042900100079,2022년 4월 29일 06시,금요일,부산광역시 기장군 기장읍,경상사고,0,0,1,0,차대차 - 추돌,안전운전불이행,건조,맑음,교차로 - 교차로부근,승용,남,34세,상해없음,승용,여,63세,경상
음주운전,2022042900100556,2022년 4월 29일 20시,금요일,부산광역시 서구 암남동,경상사고,0,0,2,0,차대사람 - 기타,기타,건조,맑음,단일로 - 기타,승용,남,52세,경상,보행자,여,44세,경상
음주운전,2022050100100003,2022년 5월 1일 00시,일요일,부산광역시 동래구 명장동,경상사고,0,0,3,0,차대차 - 추돌,안전운전불이행,건조,맑음,단일로 - 기타,승용,남,34세,상해없음,승용,남,66세,경상
음주운전,2022050100100005,2022년 5월 1일 00시,일요일,부산광역시 금정구 부곡동,경상사고,0,0,3,0,차대차 - 추돌,안전운전불이행,건조,맑음,교차로 - 교차로안,승용,남,38세,상해없음,승용,남,63세,경상
음주운전,2022050100100039,2022년 5월 1일 04시,일요일,부산광역시 수영구 남천동,부상신고사고,0,0,0,1,차량단독 - 공작물충돌,안전운전불이행,건조,맑음,단일로 - 교량,승용,남,32세,부상신고,,,,
음주운전,2022050100100051,2022년 5월 1일 06시,일요일,부산광역시 중구 영주동,경상사고,0,0,1,0,차량단독 - 기타,안전운전불이행,건조,맑음,단일로 - 기타,이륜,남,25세,경상,,,,
음주운전,2022050100100351,2022년 5월 1일 18시,일요일,부산광역시 북구 화명동,경상사고,0,0,1,0,차대차 - 기타,안전운전불이행,건조,맑음,단일로 - 기타,승용,남,30세,상해없음,승용,남,43세,경상
음주운전,2022050100100423,2022년 5월 1일 21시,일요일,부산광역시 서구 토성동4가,중상사고,0,1,0,0,차대차 - 측면충돌,안전운전불이행,건조,맑음,교차로 - 교차로안,이륜,남,56세,상해없음,이륜,남,39세,중상
음주운전,2022050200100013,2022년 5월 2일 01시,월요일,부산광역시 강서구 명지동,경상사고,0,0,2,0,차대차 - 측면충돌,안전운전불이행,건조,맑음,단일로 - 지하차도(도로)내,승용,남,25세,상해없음,승용,남,41세,경상
음주운전,2022050300100003,2022년 5월 3일 00시,화요일,부산광역시 동구 범일동,경상사고,0,0,3,0,차대차 - 추돌,안전운전불이행,젖음/습기,흐림,단일로 - 기타,승용,남,31세,상해없음,승용,남,49세,경상
음주운전,2022050300100004,2022년 5월 3일 00시,화요일,부산광역시 기장군 기장읍,경상사고,0,0,1,0,차대차 - 기타,안전운전불이행,젖음/습기,비,교차로 - 교차로부근,승용,남,34세,상해없음,승용,남,41세,경상
음주운전,2022050400100037,2022년 5월 4일 03시,수요일,부산광역시 사하구 괴정동,부상신고사고,0,0,0,1,차량단독 - 전도전복 - 전도,안전거리미확보,건조,맑음,단일로 - 터널,이륜,남,21세,부상신고,,,,
음주운전,2022050400100043,2022년 5월 4일 04시,수요일,부산광역시 부산진구 범전동,경상사고,0,0,2,0,차대차 - 정면충돌,안전운전불이행,건조,맑음,단일로 - 기타,이륜,남,38세,경상,승용,남,65세,경상
음주운전,2022050400100251,2022년 5월 4일 11시,수요일,부산광역시 북구 덕천동,경상사고,0,0,2,0,차대차 - 추돌,안전운전불이행,건조,맑음,단일로 - 기타,화물,남,39세,상해없음,승용,여,55세,경상
음주운전,2022050400100719,2022년 5월 4일 23시,수요일,부산광역시 북구 구포동,경상사고,0,0,1,0,차대차 - 추돌,안전운전불이행,건조,맑음,단일로 - 기타,승용,남,47세,상해없음,승용,남,41세,경상
음주운전,2022050500100005,2022년 5월 5일 00시,목요일,부산광역시 기장군 정관읍,경상사고,0,0,3,0,차대차 - 기타,안전운전불이행,건조,맑음,교차로 - 교차로부근,승용,남,37세,상해없음,승용,남,30세,경상
음주운전,2022050500100006,2022년 5월 5일 00시,목요일,부산광역시 기장군 정관읍,경상사고,0,0,2,0,차대차 - 기타,안전운전불이행,건조,맑음,교차로 - 교차로부근,승용,남,27세,상해없음,승용,남,43세,경상
음주운전,2022050500100042,2022년 5월 5일 03시,목요일,부산광역시 해운대구 송정동,부상신고사고,0,0,0,1,차량단독 - 공작물충돌,안전운전불이행,건조,맑음,단일로 - 기타,승용,남,31세,부상신고,,,,
음주운전,2022050500100043,2022년 5월 5일 03시,목요일,부산광역시 해운대구 반여동,경상사고,0,0,1,0,차대차 - 추돌,안전운전불이행,건조,맑음,교차로 - 교차로부근,승용,여,57세,상해없음,승용,남,28세,경상
음주운전,2.02205E+15,2022년 5월 5일 04시,목요일,부산광역시 부산진구 부전동,경상사고,0,0,1,0,차대사람 - 기타,안전운전불이행,건조,맑음,단일로 - 기타,이륜,남,27세,상해없음,보행자,남,19세,경상
음주운전,2.02205E+15,2022년 5월 5일 07시,목요일,부산광역시 해운대구 중동,경상사고,0,0,2,2,차대차 - 추돌,안전운전불이행,건조,맑음,단일로 - 기타,승용,여,36세,기타불명,승합,남,73세,부상신고
음주운전,2022050600100035,2022년 5월 6일 06시,금요일,부산광역시 서구 동대신동2가,중상사고,0,2,0,0,차대차 - 측면충돌,중앙선침범,건조,맑음,단일로 - 기타,화물,남,39세,상해없음,승용,남,40세,중상
음주운전,2022050700100296,2022년 5월 7일 15시,토요일,부산광역시 북구 만덕동,경상사고,0,0,2,0,차대차 - 기타,차로위반,건조,맑음,단일로 - 기타,승용,남,68세,상해없음,승용,남,43세,경상
음주운전,2022050700100438,2022년 5월 7일 19시,토요일,부산광역시 해운대구 송정동,중상사고,0,1,1,0,차대차 - 추돌,안전운전불이행,건조,맑음,단일로 - 기타,승용,남,32세,상해없음,승용,남,25세,경상
음주운전,2022050800100023,2022년 5월 8일 02시,일요일,부산광역시 남구 대연동,중상사고,0,1,0,0,차량단독 - 공작물충돌,안전운전불이행,건조,맑음,단일로 - 기타,이륜,남,19세,중상,,,,
음주운전,2.02205E+15,2022년 5월 8일 04시,일요일,부산광역시 사하구 하단동,중상사고,0,1,0,0,차량단독 - 기타,안전운전불이행,건조,맑음,단일로 - 기타,이륜,남,26세,중상,,,,
음주운전,2022050800100049,2022년 5월 8일 06시,일요일,부산광역시 부산진구 전포동,중상사고,0,1,0,1,차량단독 - 기타,안전운전불이행,건조,맑음,기타 - 기타,이륜,남,26세,부상신고,,,,
음주운전,2.02205E+15,2022년 5월 8일 07시,일요일,부산광역시 기장군 정관읍,경상사고,0,0,1,0,차대차 - 추돌,안전운전불이행,건조,맑음,교차로 - 교차로부근,승용,남,47세,상해없음,승용,남,48세,경상
음주운전,2022050800100467,2022년 5월 8일 22시,일요일,부산광역시 사상구 주례동,경상사고,0,0,2,0,차대차 - 후진중충돌,안전운전불이행,건조,맑음,단일로 - 기타,승용,남,42세,기타불명,승용,남,35세,경상
음주운전,2022050800100481,2022년 5월 8일 23시,일요일,부산광역시 북구 구포동,부상신고사고,0,0,0,1,차대차 - 기타,안전운전불이행,건조,맑음,교차로 - 교차로안,승용,남,29세,상해없음,이륜,남,53세,부상신고
음주운전,2022050900100028,2022년 5월 9일 04시,월요일,부산광역시 부산진구 당감동,경상사고,0,0,1,0,차대차 - 측면충돌,안전운전불이행,건조,맑음,교차로 - 교차로부근,승용,남,36세,상해없음,승합,남,56세,경상
음주운전,2022050900100523,2022년 5월 9일 19시,월요일,부산광역시 금정구 서동,경상사고,0,0,1,0,차대차 - 측면충돌,중앙선침범,건조,맑음,교차로 - 교차로부근,승용,여,65세,상해없음,이륜,남,38세,경상
음주운전,2022050900100551,2022년 5월 9일 20시,월요일,부산광역시 해운대구 우동,경상사고,0,0,3,0,차대차 - 추돌,안전운전불이행,건조,맑음,교차로 - 교차로부근,승용,남,65세,상해없음,승용,남,58세,경상
음주운전,2022050900100607,2022년 5월 9일 23시,월요일,부산광역시 남구 대연동,중상사고,0,1,0,0,차량단독 - 공작물충돌,안전운전불이행,건조,맑음,단일로 - 기타,이륜,남,37세,중상,,,,
음주운전,2022051000100016,2022년 5월 10일 01시,화요일,부산광역시 북구 구포동,경상사고,0,0,1,0,차대차 - 정면충돌,안전운전불이행,건조,맑음,단일로 - 기타,승용,남,46세,상해없음,승용,여,28세,경상
음주운전,2022051000100017,2022년 5월 10일 01시,화요일,부산광역시 중구 중앙동6가,경상사고,0,0,1,0,차대차 - 정면충돌,신호위반,건조,맑음,교차로 - 교차로안,승용,남,28세,상해없음,화물,남,59세,경상
음주운전,2022051000100323,2022년 5월 10일 14시,화요일,부산광역시 해운대구 반여동,경상사고,0,0,1,0,차대차 - 추돌,안전운전불이행,건조,맑음,교차로 - 교차로부근,화물,남,51세,상해없음,화물,남,55세,경상
음주운전,2022051000100546,2022년 5월 10일 20시,화요일,부산광역시 부산진구 가야동,경상사고,0,0,2,0,차대차 - 추돌,안전운전불이행,건조,맑음,교차로 - 교차로부근,승용,남,62세,상해없음,승용,남,45세,경상
음주운전,2.02205E+15,2022년 5월 12일 05시,목요일,부산광역시 사상구 엄궁동,경상사고,0,0,1,0,차대차 - 추돌,안전운전불이행,건조,맑음,교차로 - 교차로부근,화물,남,45세,상해없음,승용,남,42세,경상
음주운전,2.02205E+15,2022년 5월 12일 19시,목요일,부산광역시 영도구 봉래동4가,경상사고,0,0,1,0,차대차 - 측면충돌,안전운전불이행,건조,맑음,단일로 - 기타,화물,남,69세,상해없음,승용,여,33세,경상
음주운전,2022051300100645,2022년 5월 13일 22시,금요일,부산광역시 기장군 기장읍,경상사고,0,0,1,0,차대차 - 기타,안전운전불이행,건조,맑음,단일로 - 기타,승용,남,34세,상해없음,이륜,남,29세,경상
음주운전,2022051400100028,2022년 5월 14일 02시,토요일,부산광역시 연제구 연산동,중상사고,0,1,1,0,차대차 - 측면충돌,신호위반,건조,맑음,교차로 - 교차로안,원동기,남,26세,중상,승용,여,39세,경상
음주운전,2022051400100058,2022년 5월 14일 04시,토요일,부산광역시 수영구 수영동,중상사고,0,1,1,0,차대차 - 정면충돌,중앙선침범,건조,맑음,단일로 - 기타,승용,남,24세,상해없음,승용,남,76세,중상
음주운전,2022051400100524,2022년 5월 14일 19시,토요일,부산광역시 부산진구 가야동,중상사고,0,1,0,0,차대차 - 추돌,안전운전불이행,건조,맑음,단일로 - 기타,승용,남,45세,상해없음,이륜,남,38세,중상
음주운전,2022051500100004,2022년 5월 15일 00시,일요일,부산광역시 수영구 민락동,경상사고,0,0,1,0,차대차 - 기타,안전운전불이행,건조,맑음,단일로 - 기타,승용,여,24세,상해없음,승용,남,36세,기타불명
음주운전,2022051500100051,2022년 5월 15일 03시,일요일,부산광역시 사하구 신평동,사망사고,1,1,0,0,차량단독 - 공작물충돌,안전운전불이행,건조,맑음,단일로 - 기타,승용,여,23세,상해없음,,,,
음주운전,2022051500100393,2022년 5월 15일 18시,일요일,부산광역시 해운대구 우동,경상사고,0,0,2,0,차대차 - 추돌,안전운전불이행,건조,맑음,교차로 - 교차로부근,화물,남,47세,상해없음,승용,남,39세,경상
음주운전,2022051600100014,2022년 5월 16일 02시,월요일,부산광역시 기장군 정관읍,경상사고,0,0,1,0,차대차 - 추돌,안전운전불이행,건조,맑음,교차로 - 교차로부근,승용,남,33세,상해없음,승용,남,39세,경상
음주운전,2022051600100474,2022년 5월 16일 18시,월요일,부산광역시 기장군 기장읍,중상사고,0,1,0,0,차대차 - 추돌,안전운전불이행,건조,맑음,교차로 - 교차로부근,승용,남,52세,상해없음,승용,여,32세,중상
음주운전,2022051600100542,2022년 5월 16일 20시,월요일,부산광역시 기장군 정관읍,경상사고,0,0,2,0,차대차 - 추돌,안전거리미확보,건조,맑음,교차로 - 교차로안,승용,여,50세,상해없음,승용,남,70세,경상
음주운전,2022051800100004,2022년 5월 18일 00시,수요일,부산광역시 부산진구 양정동,경상사고,0,0,1,1,차대차 - 추돌,안전운전불이행,건조,맑음,교차로 - 교차로부근,이륜,남,47세,부상신고,이륜,남,29세,경상
음주운전,2022051800100021,2022년 5월 18일 02시,수요일,부산광역시 연제구 거제동,경상사고,0,0,1,0,차량단독 - 공작물충돌,안전운전불이행,건조,맑음,단일로 - 기타,승용,남,17세,상해없음,,,,
음주운전,2022051900100068,2022년 5월 19일 07시,목요일,부산광역시 북구 만덕동,경상사고,0,0,1,0,차대차 - 기타,안전거리미확보,건조,맑음,단일로 - 기타,승용,남,33세,상해없음,승용,여,60세,경상
음주운전,2022051900100381,2022년 5월 19일 17시,목요일,부산광역시 북구 덕천동,경상사고,0,0,2,0,차대차 - 기타,안전운전불이행,건조,맑음,단일로 - 기타,화물,남,71세,상해없음,승용,여,30세,경상
음주운전,2022052000100611,2022년 5월 20일 21시,금요일,부산광역시 사하구 하단동,경상사고,0,0,1,0,차대사람 - 기타,기타,건조,맑음,단일로 - 기타,개인형이동수단(PM),남,23세,상해없음,보행자,남,42세,경상
음주운전,2022052100100058,2022년 5월 21일 04시,토요일,부산광역시 연제구 연산동,경상사고,0,0,1,0,차대차 - 기타,중앙선침범,건조,맑음,단일로 - 기타,승용,여,23세,상해없음,승용,남,49세,경상
음주운전,2022052100100597,2022년 5월 21일 23시,토요일,부산광역시 부산진구 부전동,경상사고,0,0,2,0,차대차 - 측면충돌,신호위반,건조,맑음,교차로 - 교차로안,이륜,남,18세,경상,승용,남,66세,경상
음주운전,2022052100100599,2022년 5월 21일 23시,토요일,부산광역시 사하구 신평동,경상사고,0,0,1,0,차대차 - 정면충돌,안전운전불이행,건조,맑음,단일로 - 기타,승용,남,36세,상해없음,승용,남,29세,상해없음
음주운전,2022052100100601,2022년 5월 21일 23시,토요일,부산광역시 사상구 엄궁동,중상사고,0,1,0,0,차대차 - 추돌,안전운전불이행,건조,맑음,단일로 - 지하차도(도로)내,승용,여,53세,상해없음,승용,남,59세,중상
음주운전,2022052200100486,2022년 5월 22일 23시,일요일,부산광역시 강서구 명지동,경상사고,0,0,2,0,차대차 - 추돌,안전운전불이행,건조,맑음,교차로 - 교차로부근,승용,남,27세,상해없음,승용,남,52세,경상
음주운전,2022052400100015,2022년 5월 24일 02시,화요일,부산광역시 강서구 대저1동,중상사고,0,1,0,0,차대차 - 추돌,안전운전불이행,건조,맑음,단일로 - 기타,승용,남,36세,상해없음,승용,남,40세,상해없음
음주운전,2022052400100127,2022년 5월 24일 09시,화요일,부산광역시 사하구 괴정동,중상사고,0,1,0,0,차대사람 - 차도통행중,안전운전불이행,건조,맑음,교차로 - 교차로부근,화물,남,55세,상해없음,보행자,여,40세,중상
음주운전,2.02205E+15,2022년 5월 24일 18시,화요일,부산광역시 영도구 영선동4가,경상사고,0,0,2,0,차대차 - 추돌,안전거리미확보,건조,맑음,단일로 - 지하차도(도로)내,승합,남,48세,상해없음,승용,남,51세,경상
음주운전,2022052500100026,2022년 5월 25일 04시,수요일,부산광역시 금정구 노포동,경상사고,0,0,1,0,차대차 - 측면충돌,안전거리미확보,건조,맑음,단일로 - 기타,승용,남,65세,상해없음,승용,남,60세,경상
음주운전,2022052500100082,2022년 5월 25일 08시,수요일,부산광역시 북구 금곡동,경상사고,0,0,1,1,차대차 - 기타,기타,건조,맑음,교차로 - 교차로안,승용,남,69세,상해없음,승용,남,56세,경상
음주운전,2022052500100609,2022년 5월 25일 21시,수요일,부산광역시 강서구 명지동,경상사고,0,0,1,0,차대차 - 추돌,안전운전불이행,건조,맑음,교차로 - 교차로부근,승용,남,31세,상해없음,승용,남,36세,경상
음주운전,2022052800100001,2022년 5월 28일 00시,토요일,부산광역시 북구 덕천동,경상사고,0,0,1,0,차대사람 - 횡단중,보행자보호의무위반,건조,맑음,교차로 - 교차로횡단보도내,승용,남,22세,상해없음,보행자,여,20세,경상
음주운전,2.02205E+15,2022년 5월 28일 02시,토요일,부산광역시 북구 구포동,중상사고,0,1,1,0,차대차 - 측면충돌,신호위반,건조,맑음,교차로 - 교차로안,승용,남,46세,상해없음,승용,남,61세,중상
음주운전,2022052800100047,2022년 5월 28일 05시,토요일,부산광역시 사하구 하단동,중상사고,0,1,0,0,차량단독 - 전도전복 - 전도,안전운전불이행,건조,맑음,단일로 - 지하차도(도로)내,이륜,남,25세,중상,,,,
음주운전,2022052900100021,2022년 5월 29일 01시,일요일,부산광역시 부산진구 개금동,경상사고,0,0,3,0,차대차 - 측면충돌,신호위반,건조,맑음,교차로 - 교차로안,이륜,남,25세,경상,승용,남,57세,경상
음주운전,2022052900100058,2022년 5월 29일 05시,일요일,부산광역시 부산진구 범전동,중상사고,0,1,0,0,차량단독 - 공작물충돌,안전운전불이행,건조,맑음,단일로 - 기타,이륜,남,29세,중상,,,,
음주운전,2022053000100536,2022년 5월 30일 23시,월요일,부산광역시 기장군 일광읍,경상사고,0,0,2,0,차대사람 - 기타,안전운전불이행,건조,맑음,기타 - 기타,승용,남,46세,상해없음,보행자,여,20세,경상
음주운전,2022053100100262,2022년 5월 31일 12시,화요일,부산광역시 북구 구포동,경상사고,0,0,2,0,차대차 - 기타,중앙선침범,건조,맑음,단일로 - 기타,승용,남,63세,상해없음,승용,남,60세,경상
음주운전,2022060100100326,2022년 6월 1일 15시,수요일,부산광역시 기장군 장안읍,경상사고,0,0,1,0,차대차 - 기타,안전운전불이행,건조,맑음,단일로 - 기타,승용,여,56세,상해없음,승용,남,30세,경상
음주운전,2022060100100364,2022년 6월 1일 16시,수요일,부산광역시 부산진구 전포동,경상사고,0,0,1,0,차대차 - 후진중충돌,안전운전불이행,건조,맑음,단일로 - 기타,화물,남,65세,상해없음,이륜,남,25세,경상
음주운전,2022060100100502,2022년 6월 1일 20시,수요일,부산광역시 연제구 연산동,경상사고,0,0,2,0,차대차 - 추돌,안전운전불이행,건조,맑음,교차로 - 교차로부근,승용,남,49세,상해없음,승용,여,41세,상해없음
음주운전,2022060200100051,2022년 6월 2일 07시,목요일,부산광역시 강서구 녹산동,경상사고,0,0,1,0,차대차 - 추돌,안전운전불이행,건조,맑음,단일로 - 기타,승용,남,42세,상해없음,승용,남,54세,경상
음주운전,2022060300100056,2022년 6월 3일 07시,금요일,부산광역시 동래구 사직동,중상사고,0,1,0,0,차대차 - 측면충돌,안전운전불이행,건조,맑음,교차로 - 교차로안,승용,남,52세,상해없음,승용,여,52세,중상
음주운전,2022060300100057,2022년 6월 3일 07시,금요일,부산광역시 해운대구 반여동,경상사고,0,0,1,0,차대차 - 추돌,안전운전불이행,건조,맑음,단일로 - 기타,승용,남,40세,상해없음,승용,남,45세,경상
음주운전,2022060400100058,2022년 6월 4일 04시,토요일,부산광역시 해운대구 우동,중상사고,0,1,0,0,차대차 - 기타,신호위반,건조,맑음,교차로 - 교차로안,개인형이동수단(PM),남,32세,중상,승용,남,67세,상해없음
음주운전,2022060400100089,2022년 6월 4일 07시,토요일,부산광역시 연제구 연산동,경상사고,0,0,3,0,차대차 - 측면충돌,중앙선침범,건조,맑음,교차로 - 교차로부근,승용,남,29세,상해없음,승용,남,79세,경상
음주운전,2022060400100578,2022년 6월 4일 23시,토요일,부산광역시 사하구 당리동,경상사고,0,0,1,0,차대차 - 추돌,안전운전불이행,건조,맑음,교차로 - 교차로부근,승용,여,29세,상해없음,승용,여,57세,경상
음주운전,2022060700100009,2022년 6월 7일 01시,화요일,부산광역시 부산진구 전포동,경상사고,0,0,2,0,차대차 - 추돌,안전운전불이행,건조,맑음,교차로 - 교차로부근,승용,남,29세,기타불명,승용,남,67세,경상
음주운전,2022060800100021,2022년 6월 8일 01시,수요일,부산광역시 동래구 온천동,중상사고,0,1,1,0,차대차 - 측면충돌,신호위반,건조,맑음,교차로 - 교차로안,승용,남,30세,상해없음,승용,여,67세,중상
음주운전,2022060800100463,2022년 6월 8일 19시,수요일,부산광역시 북구 구포동,경상사고,0,0,3,0,차대차 - 추돌,안전운전불이행,건조,맑음,단일로 - 기타,승용,남,39세,상해없음,승용,여,42세,경상
음주운전,2022060800100465,2022년 6월 8일 19시,수요일,부산광역시 금정구 노포동,중상사고,0,2,0,0,차대차 - 기타,기타,건조,맑음,단일로 - 기타,승용,여,31세,중상,승용,여,33세,중상
음주운전,2022060800100548,2022년 6월 8일 22시,수요일,부산광역시 기장군 정관읍,중상사고,0,1,0,0,차대차 - 추돌,안전운전불이행,건조,맑음,교차로 - 교차로부근,승용,남,44세,상해없음,승용,여,34세,중상
음주운전,2022061000100005,2022년 6월 10일 00시,금요일,부산광역시 수영구 민락동,경상사고,0,0,1,0,차대차 - 추돌,안전거리미확보,건조,맑음,교차로 - 교차로안,승용,남,65세,상해없음,이륜,남,40세,경상
음주운전,2022061000100022,2022년 6월 10일 02시,금요일,부산광역시 강서구 명지동,경상사고,0,0,1,0,차대차 - 추돌,기타,건조,맑음,단일로 - 기타,승용,남,32세,상해없음,화물,남,34세,경상
음주운전,2022061000100575,2022년 6월 10일 22시,금요일,부산광역시 해운대구 반송동,경상사고,0,0,1,0,차대차 - 정면충돌,신호위반,건조,맑음,교차로 - 교차로안,승용,여,58세,상해없음,승용,여,42세,경상
음주운전,2022061100100021,2022년 6월 11일 01시,토요일,부산광역시 금정구 부곡동,중상사고,0,1,0,0,차량단독 - 공작물충돌,안전운전불이행,건조,맑음,교차로 - 교차로안,이륜,남,28세,중상,,,,
음주운전,2022061100100048,2022년 6월 11일 03시,토요일,부산광역시 수영구 남천동,부상신고사고,0,0,0,1,차량단독 - 전도전복 - 전도,안전운전불이행,건조,흐림,단일로 - 기타,이륜,남,64세,부상신고,,,,
음주운전,2022061100100049,2022년 6월 11일 03시,토요일,부산광역시 사하구 다대동,경상사고,0,0,1,0,차량단독 - 기타,안전운전불이행,건조,맑음,단일로 - 기타,이륜,남,22세,경상,,,,
음주운전,2022061200100336,2022년 6월 12일 20시,일요일,부산광역시 강서구 신호동,경상사고,0,0,2,0,차대차 - 추돌,안전운전불이행,건조,맑음,교차로 - 교차로부근,승용,남,47세,상해없음,승용,여,33세,경상
음주운전,2022061300100072,2022년 6월 13일 08시,월요일,부산광역시 수영구 남천동,중상사고,0,1,0,0,차대차 - 측면충돌,안전운전불이행,건조,맑음,교차로 - 교차로안,승용,남,21세,상해없음,승용,여,62세,중상
음주운전,2022061400100013,2022년 6월 14일 01시,화요일,부산광역시 남구 대연동,경상사고,0,0,4,0,차대차 - 추돌,안전거리미확보,젖음/습기,비,기타 - 기타,승용,남,43세,상해없음,승용,남,61세,경상
음주운전,2022061400100031,2022년 6월 14일 04시,화요일,부산광역시 사하구 장림동,경상사고,0,0,1,0,차대차 - 측면충돌,안전운전불이행,젖음/습기,비,단일로 - 기타,승용,남,64세,상해없음,승용,남,53세,경상
음주운전,2022061400100573,2022년 6월 14일 22시,화요일,부산광역시 사하구 다대동,중상사고,0,1,1,0,차대차 - 추돌,안전운전불이행,건조,맑음,단일로 - 기타,승용,남,51세,상해없음,승용,남,73세,경상
음주운전,2022061500100557,2022년 6월 15일 22시,수요일,부산광역시 기장군 기장읍,경상사고,0,0,2,0,차대차 - 추돌,안전운전불이행,건조,맑음,교차로 - 교차로부근,승용,남,45세,상해없음,승용,여,26세,경상
음주운전,2022061600100024,2022년 6월 16일 02시,목요일,부산광역시 동래구 안락동,부상신고사고,0,0,0,1,차량단독 - 전도전복 - 전도,안전운전불이행,건조,맑음,단일로 - 기타,이륜,남,47세,부상신고,,,,
음주운전,2022061600100288,2022년 6월 16일 14시,목요일,부산광역시 수영구 민락동,경상사고,0,0,2,0,차대차 - 측면충돌,안전거리미확보,건조,맑음,단일로 - 교량,승용,남,50세,상해없음,승용,남,72세,경상
음주운전,2022061700100012,2022년 6월 17일 01시,금요일,부산광역시 동래구 온천동,중상사고,0,1,0,0,차량단독 - 공작물충돌,안전운전불이행,건조,맑음,단일로 - 기타,이륜,남,46세,중상,,,,
음주운전,2022061700100013,2022년 6월 17일 01시,금요일,부산광역시 금정구 구서동,부상신고사고,0,0,0,3,차대차 - 측면충돌,안전운전불이행,건조,맑음,단일로 - 기타,승용,남,52세,상해없음,승용,남,19세,부상신고
음주운전,2022061700100402,2022년 6월 17일 17시,금요일,부산광역시 사하구 당리동,중상사고,0,1,0,0,차대사람 - 길가장자리구역통행중,안전운전불이행,건조,맑음,단일로 - 기타,화물,남,61세,상해없음,보행자,여,68세,중상
음주운전,2.02206E+15,2022년 6월 17일 22시,금요일,부산광역시 연제구 연산동,중상사고,0,1,1,0,차대차 - 추돌,안전운전불이행,건조,맑음,단일로 - 기타,승용,남,28세,상해없음,승용,남,28세,중상
음주운전,2022061800100003,2022년 6월 18일 00시,토요일,부산광역시 해운대구 송정동,부상신고사고,0,0,0,1,차량단독 - 전도전복 - 전도,안전운전불이행,건조,맑음,단일로 - 터널,이륜,남,43세,부상신고,,,,