사고부문,사고번호,사고일시,요일,시군구,사고내용,사망자수,중상자수,경상자수,부상신고자수,사고유형,법규위반,노면상태,기상상태,도로형태,가해운전자 차종,가해운전자 성별,가해운전자 연령,가해운전자 상해정도,피해운전자 차종,피해운전자 성별,피해운전자 연령,피해운전자 상해정도
음주운전,2022090200100044,2022년 9월 2일 05시,금요일,부산광역시 부산진구 부전동,경상사고,0,0,1,0,차대차 - 기타,안전운전불이행,젖음/습기,비,교차로 - 교차로안,승용,남,47세,상해없음,승용,남,44세,기타불명
음주운전,2022090200100718,2022년 9월 2일 23시,금요일,부산광역시 사상구 학장동,경상사고,0,0,1,0,차대차 - 추돌,안전운전불이행,건조,맑음,교차로 - 교차로부근,화물,남,57세,상해없음,승용,남,26세,경상
음주운전,2022090300100019,2022년 9월 3일 01시,토요일,부산광역시 부산진구 개금동,경상사고,0,0,2,0,차대차 - 추돌,안전운전불이행,젖음/습기,비,교차로 - 교차로부근,승용,남,32세,상해없음,승용,남,44세,경상
음주운전,2022090300100055,2022년 9월 3일 04시,토요일,부산광역시 수영구 망미동,경상사고,0,0,1,0,차대차 - 추돌,안전운전불이행,건조,흐림,단일로 - 기타,승용,여,32세,상해없음,승용,남,27세,경상
음주운전,2022090300100287,2022년 9월 3일 13시,토요일,부산광역시 연제구 연산동,경상사고,0,0,2,0,차대차 - 기타,안전운전불이행,건조,흐림,단일로 - 기타,승용,남,32세,상해없음,승용,여,57세,경상
음주운전,2022090300100563,2022년 9월 3일 21시,토요일,부산광역시 부산진구 범전동,경상사고,0,0,1,0,차대차 - 기타,안전운전불이행,젖음/습기,비,교차로 - 교차로부근,승용,남,56세,상해없음,승용,여,47세,경상
음주운전,2022090300100589,2022년 9월 3일 22시,토요일,부산광역시 기장군 기장읍,경상사고,0,0,3,0,차대차 - 추돌,안전운전불이행,젖음/습기,비,단일로 - 기타,승용,여,38세,상해없음,승용,남,24세,경상
음주운전,2022090300100618,2022년 9월 3일 23시,토요일,부산광역시 영도구 대교동1가,경상사고,0,0,2,0,차대사람 - 기타,안전운전불이행,젖음/습기,비,교차로 - 교차로부근,이륜,남,64세,상해없음,보행자,남,47세,경상
음주운전,2022090400100477,2022년 9월 4일 23시,일요일,부산광역시 사상구 삼락동,경상사고,0,0,2,0,차대차 - 추돌,안전운전불이행,건조,맑음,교차로 - 교차로부근,화물,남,57세,상해없음,승용,남,63세,경상
음주운전,2022090500100013,2022년 9월 5일 01시,월요일,부산광역시 연제구 거제동,경상사고,0,0,1,0,차대차 - 기타,안전운전불이행,건조,맑음,단일로 - 기타,화물,남,40세,상해없음,승용,남,70세,경상
음주운전,2022090500100014,2022년 9월 5일 01시,월요일,부산광역시 기장군 일광읍,경상사고,0,0,2,0,차대차 - 추돌,안전운전불이행,건조,맑음,교차로 - 교차로부근,승용,여,47세,상해없음,승용,남,55세,경상
음주운전,2022090700100002,2022년 9월 7일 00시,수요일,부산광역시 수영구 민락동,경상사고,0,0,1,0,차대차 - 후진중충돌,안전운전불이행,건조,맑음,기타 - 기타,승용,남,42세,상해없음,승용,남,34세,경상
음주운전,2022090700100026,2022년 9월 7일 02시,수요일,부산광역시 수영구 광안동,중상사고,0,1,0,0,차대차 - 기타,교차로운행방법위반,건조,맑음,교차로 - 교차로안,승용,남,29세,상해없음,원동기,남,35세,중상
음주운전,2022090700100071,2022년 9월 7일 07시,수요일,부산광역시 연제구 연산동,경상사고,0,0,1,0,차대차 - 추돌,안전운전불이행,건조,맑음,교차로 - 교차로부근,승용,남,50세,상해없음,승용,남,35세,경상
음주운전,2022090700100359,2022년 9월 7일 14시,수요일,부산광역시 수영구 광안동,경상사고,0,0,2,0,차대차 - 추돌,안전운전불이행,건조,맑음,단일로 - 기타,화물,남,60세,상해없음,승용,남,71세,경상
음주운전,2022090700100668,2022년 9월 7일 21시,수요일,부산광역시 해운대구 좌동,중상사고,0,1,0,0,차량단독 - 전도전복 - 전도,안전운전불이행,건조,맑음,단일로 - 기타,이륜,남,30세,중상,,,,
음주운전,2022090800100005,2022년 9월 8일 00시,목요일,부산광역시 동래구 온천동,중상사고,0,1,0,0,차대차 - 기타,중앙선침범,건조,맑음,단일로 - 기타,승용,남,26세,상해없음,승용,남,39세,중상
음주운전,2022090800100221,2022년 9월 8일 11시,목요일,부산광역시 해운대구 중동,경상사고,0,0,1,0,차대차 - 측면충돌,중앙선침범,건조,맑음,단일로 - 기타,승용,여,50세,상해없음,승용,남,68세,경상
음주운전,2022090900100054,2022년 9월 9일 04시,금요일,부산광역시 동구 범일동,중상사고,0,1,0,0,차대차 - 기타,안전운전불이행,건조,맑음,단일로 - 지하차도(도로)내,개인형이동수단(PM),남,24세,기타불명,이륜,남,23세,중상
음주운전,2022090900100075,2022년 9월 9일 06시,금요일,부산광역시 기장군 정관읍,중상사고,0,1,1,0,차대차 - 추돌,안전운전불이행,건조,맑음,단일로 - 기타,승용,남,20세,경상,승용,남,50세,중상
음주운전,2022091000100338,2022년 9월 10일 21시,토요일,부산광역시 영도구 봉래동3가,경상사고,0,0,2,0,차대차 - 추돌,안전운전불이행,건조,맑음,기타 - 기타,승용,남,67세,상해없음,승용,남,50세,경상
음주운전,2022091100100003,2022년 9월 11일 00시,일요일,부산광역시 북구 덕천동,경상사고,0,0,1,0,차대사람 - 기타,안전운전불이행,건조,맑음,단일로 - 기타,원동기,남,24세,상해없음,보행자,남,44세,경상
음주운전,2.02209E+15,2022년 9월 11일 04시,일요일,부산광역시 남구 대연동,중상사고,0,1,1,0,차대차 - 추돌,안전운전불이행,건조,맑음,단일로 - 기타,승용,남,27세,상해없음,승용,여,57세,경상
음주운전,2022091100100031,2022년 9월 11일 04시,일요일,부산광역시 금정구 구서동,경상사고,0,0,1,1,차대차 - 추돌,안전운전불이행,건조,맑음,교차로 - 교차로안,승용,남,57세,부상신고,승합,남,56세,경상
음주운전,2022091100100043,2022년 9월 11일 06시,일요일,부산광역시 강서구 구랑동,경상사고,0,0,1,0,차대차 - 측면충돌,기타,건조,맑음,교차로 - 교차로부근,승용,남,51세,상해없음,승용,남,63세,경상
음주운전,2022091100100223,2022년 9월 11일 16시,일요일,부산광역시 사하구 괴정동,경상사고,0,0,5,0,차대차 - 추돌,안전운전불이행,건조,맑음,단일로 - 지하차도(도로)내,화물,남,50세,상해없음,승용,남,67세,경상
음주운전,2022091200100043,2022년 9월 12일 03시,월요일,부산광역시 해운대구 우동,경상사고,0,0,1,0,차대차 - 기타,안전운전불이행,건조,맑음,단일로 - 기타,승용,남,27세,경상,승용,기타불명,미분류,기타불명
음주운전,2022091300100385,2022년 9월 13일 18시,화요일,부산광역시 해운대구 재송동,부상신고사고,0,0,0,1,차대차 - 기타,안전운전불이행,건조,맑음,단일로 - 기타,화물,남,39세,상해없음,승용,여,63세,부상신고
음주운전,2022091400100003,2022년 9월 14일 00시,수요일,부산광역시 동래구 온천동,경상사고,0,0,2,0,차대차 - 측면충돌,안전운전불이행,건조,맑음,단일로 - 기타,승용,남,19세,상해없음,승용,남,38세,경상
음주운전,2022091400100011,2022년 9월 14일 02시,수요일,부산광역시 해운대구 송정동,부상신고사고,0,0,0,1,차량단독 - 공작물충돌,기타,건조,맑음,교차로 - 교차로부근,승용,남,35세,상해없음,,,,
음주운전,2.02209E+15,2022년 9월 15일 02시,목요일,부산광역시 동래구 온천동,경상사고,0,0,2,0,차대차 - 추돌,안전운전불이행,건조,맑음,교차로 - 교차로부근,승용,남,31세,상해없음,승용,남,64세,경상
음주운전,2022091500100522,2022년 9월 15일 23시,목요일,부산광역시 중구 남포동5가,중상사고,0,1,0,0,차대차 - 측면충돌,교차로운행방법위반,건조,맑음,교차로 - 교차로안,승용,남,44세,상해없음,승용,여,54세,중상
음주운전,2022091600100016,2022년 9월 16일 01시,금요일,부산광역시 수영구 광안동,경상사고,0,0,2,0,차대차 - 후진중충돌,안전운전불이행,건조,맑음,단일로 - 기타,승용,여,32세,상해없음,승용,남,55세,경상
음주운전,2022091700100011,2022년 9월 17일 00시,토요일,부산광역시 기장군 일광읍,경상사고,0,0,1,0,차대차 - 기타,안전운전불이행,건조,맑음,교차로 - 교차로부근,승용,남,29세,상해없음,승용,남,60세,경상
음주운전,2022091800100041,2022년 9월 18일 06시,일요일,부산광역시 동구 초량동,경상사고,0,0,4,0,차대차 - 추돌,안전운전불이행,건조,맑음,단일로 - 기타,승용,남,25세,상해없음,화물,남,49세,경상
음주운전,2022091800100159,2022년 9월 18일 13시,일요일,부산광역시 수영구 남천동,경상사고,0,0,1,0,차대차 - 기타,안전운전불이행,건조,맑음,기타 - 기타,승용,남,28세,상해없음,자전거,남,47세,경상
음주운전,2022092000100003,2022년 9월 20일 00시,화요일,부산광역시 동래구 명륜동,경상사고,0,0,1,0,차대사람 - 길가장자리구역통행중,안전운전불이행,건조,맑음,단일로 - 지하차도(도로)내,원동기,남,23세,상해없음,보행자,남,24세,경상
음주운전,2022092100100647,2022년 9월 21일 22시,수요일,부산광역시 해운대구 우동,경상사고,0,0,2,0,차대차 - 추돌,안전운전불이행,건조,맑음,교차로 - 교차로부근,승용,남,57세,기타불명,화물,여,48세,경상
음주운전,2022092200100019,2022년 9월 22일 02시,목요일,부산광역시 부산진구 양정동,경상사고,0,0,2,0,차대차 - 기타,안전거리미확보,건조,맑음,단일로 - 기타,승용,남,34세,상해없음,승용,남,70세,경상
음주운전,2022092300100003,2022년 9월 23일 00시,금요일,부산광역시 강서구 구랑동,중상사고,0,1,2,0,차대차 - 추돌,안전운전불이행,건조,맑음,교차로 - 교차로부근,승용,남,42세,상해없음,승용,여,60세,경상
음주운전,2022092300100488,2022년 9월 23일 18시,금요일,부산광역시 북구 구포동,경상사고,0,0,1,0,차대차 - 기타,기타,건조,맑음,교차로 - 교차로부근,화물,남,36세,상해없음,화물,남,61세,경상
음주운전,2022092300100544,2022년 9월 23일 19시,금요일,부산광역시 부산진구 초읍동,경상사고,0,0,1,0,차대차 - 추돌,안전운전불이행,건조,맑음,교차로 - 교차로부근,화물,남,55세,상해없음,화물,남,26세,경상
음주운전,2022092300100668,2022년 9월 23일 23시,금요일,부산광역시 강서구 명지동,중상사고,0,1,1,0,차대차 - 기타,안전운전불이행,건조,맑음,단일로 - 기타,승용,남,42세,상해없음,승용,남,67세,경상
음주운전,2022092400100068,2022년 9월 24일 07시,토요일,부산광역시 남구 대연동,경상사고,0,0,1,0,차대차 - 정면충돌,안전운전불이행,건조,맑음,교차로 - 교차로부근,승용,남,29세,기타불명,화물,남,29세,경상
음주운전,2022092400100138,2022년 9월 24일 10시,토요일,부산광역시 부산진구 부전동,경상사고,0,0,1,0,차대차 - 추돌,안전운전불이행,건조,맑음,교차로 - 교차로부근,승용,남,24세,상해없음,승용,남,75세,경상
음주운전,2022092400100279,2022년 9월 24일 13시,토요일,부산광역시 해운대구 좌동,경상사고,0,0,1,0,차량단독 - 전도전복 - 전도,안전운전불이행,건조,맑음,교차로 - 교차로안,이륜,남,60세,경상,,,,
음주운전,2022092400100632,2022년 9월 24일 23시,토요일,부산광역시 해운대구 송정동,경상사고,0,0,1,0,차대차 - 측면충돌,안전운전불이행,건조,맑음,단일로 - 기타,승용,남,25세,상해없음,이륜,남,31세,경상
음주운전,2022092500100056,2022년 9월 25일 06시,일요일,부산광역시 사하구 하단동,경상사고,0,0,1,0,차대차 - 추돌,안전운전불이행,건조,맑음,단일로 - 기타,승용,남,49세,상해없음,승용,남,51세,경상
음주운전,2.02209E+15,2022년 9월 25일 14시,일요일,부산광역시 수영구 민락동,경상사고,0,0,1,0,차대차 - 측면충돌,안전운전불이행,건조,맑음,단일로 - 기타,자전거,남,61세,상해없음,자전거,남,48세,경상
음주운전,2022092600100528,2022년 9월 26일 20시,월요일,부산광역시 강서구 지사동,중상사고,0,1,0,0,차대사람 - 기타,안전운전불이행,건조,맑음,기타 - 기타,승용,남,49세,상해없음,보행자,남,62세,중상
음주운전,2022092700100649,2022년 9월 27일 23시,화요일,부산광역시 수영구 남천동,부상신고사고,0,0,0,1,차대차 - 측면충돌,신호위반,건조,맑음,교차로 - 교차로안,승용,여,35세,상해없음,승용,남,23세,부상신고
음주운전,2.02209E+15,2022년 9월 28일 13시,수요일,부산광역시 남구 문현동,경상사고,0,0,2,0,차대차 - 추돌,안전운전불이행,건조,맑음,교차로 - 교차로안,승용,남,46세,상해없음,승용,남,44세,경상
음주운전,2022092800100446,2022년 9월 28일 18시,수요일,부산광역시 중구 보수동3가,경상사고,0,0,1,0,차대차 - 기타,안전운전불이행,건조,맑음,단일로 - 기타,승용,여,32세,상해없음,승용,여,24세,경상
음주운전,2022093000100639,2022년 9월 30일 21시,금요일,부산광역시 부산진구 전포동,경상사고,0,0,2,0,차대차 - 기타,안전운전불이행,건조,맑음,기타 - 기타,승용,남,54세,상해없음,승용,남,30세,경상
음주운전,2022100100100019,2022년 10월 1일 01시,토요일,부산광역시 부산진구 범천동,경상사고,0,0,1,0,차대차 - 추돌,안전운전불이행,건조,맑음,교차로 - 교차로부근,승용,남,63세,상해없음,승용,남,67세,상해없음
음주운전,2.0221E+15,2022년 10월 1일 01시,토요일,부산광역시 연제구 연산동,경상사고,0,0,3,0,차대차 - 추돌,안전운전불이행,건조,맑음,단일로 - 기타,승용,남,50세,상해없음,승용,남,30세,경상
음주운전,2022100100100034,2022년 10월 1일 02시,토요일,부산광역시 영도구 영선동2가,부상신고사고,0,0,0,1,차량단독 - 도로외이탈 - 추락,안전운전불이행,건조,기타,단일로 - 지하차도(도로)내,이륜,남,30세,부상신고,,,,
음주운전,2022100100100102,2022년 10월 1일 07시,토요일,부산광역시 사상구 엄궁동,경상사고,0,0,1,0,차대차 - 기타,안전운전불이행,건조,맑음,단일로 - 기타,승용,남,49세,상해없음,승용,여,49세,기타불명
음주운전,2022100100100657,2022년 10월 1일 23시,토요일,부산광역시 북구 구포동,경상사고,0,0,2,0,차대차 - 추돌,안전운전불이행,건조,맑음,교차로 - 교차로부근,승용,남,38세,상해없음,승용,남,60세,경상
음주운전,2022100200100062,2022년 10월 2일 07시,일요일,부산광역시 해운대구 좌동,경상사고,0,0,1,0,차대차 - 추돌,안전운전불이행,건조,맑음,단일로 - 기타,승용,남,21세,상해없음,승용,남,49세,경상
음주운전,2022100300100457,2022년 10월 3일 22시,월요일,부산광역시 기장군 철마면,경상사고,0,0,2,0,차대차 - 추돌,신호위반,건조,맑음,단일로 - 기타,승용,남,27세,경상,승용,남,22세,경상
음주운전,2022100400100016,2022년 10월 4일 01시,화요일,부산광역시 부산진구 개금동,중상사고,0,1,1,1,차대차 - 기타,차로위반,건조,맑음,단일로 - 기타,개인형이동수단(PM),남,23세,부상신고,승용,남,65세,상해없음
음주운전,2022100500100024,2022년 10월 5일 03시,수요일,부산광역시 강서구 신호동,사망사고,1,0,0,0,차대사람 - 기타,중앙선침범,건조,맑음,단일로 - 기타,승용,남,25세,상해없음,보행자,남,33세,사망
음주운전,2022100600100006,2022년 10월 6일 01시,목요일,부산광역시 부산진구 전포동,경상사고,0,0,1,1,차량단독 - 전도전복 - 전도,안전운전불이행,건조,기타,단일로 - 터널,이륜,남,26세,부상신고,,,,
음주운전,2022100700100016,2022년 10월 7일 02시,금요일,부산광역시 서구 남부민동,경상사고,0,0,1,0,차량단독 - 공작물충돌,안전운전불이행,젖음/습기,맑음,교차로 - 교차로안,승용,여,31세,경상,,,,
음주운전,2022100700100017,2022년 10월 7일 02시,금요일,부산광역시 해운대구 반여동,경상사고,0,0,1,0,차대차 - 추돌,안전운전불이행,건조,맑음,교차로 - 교차로부근,승용,남,38세,상해없음,승용,남,48세,경상
음주운전,2022100700100674,2022년 10월 7일 22시,금요일,부산광역시 해운대구 재송동,중상사고,0,1,1,0,차대차 - 추돌,안전운전불이행,건조,맑음,단일로 - 기타,승용,남,37세,상해없음,승용,남,60세,경상
음주운전,2022100800100046,2022년 10월 8일 03시,토요일,부산광역시 사하구 다대동,부상신고사고,0,0,0,1,차대차 - 추돌,안전운전불이행,건조,맑음,단일로 - 기타,승용,남,25세,부상신고,승합,남,미분류,기타불명
음주운전,2022100800100336,2022년 10월 8일 14시,토요일,부산광역시 동래구 안락동,중상사고,0,1,1,0,차대차 - 추돌,안전운전불이행,건조,맑음,교차로 - 교차로부근,승용,남,52세,상해없음,승용,남,33세,경상
음주운전,2022100900100213,2022년 10월 9일 14시,일요일,부산광역시 동래구 사직동,중상사고,0,1,0,0,차대차 - 기타,안전운전불이행,건조,맑음,단일로 - 기타,이륜,남,50세,중상,승용,남,58세,상해없음
음주운전,2022100900100469,2022년 10월 9일 21시,일요일,부산광역시 수영구 민락동,경상사고,0,0,4,0,차대차 - 추돌,안전운전불이행,젖음/습기,비,단일로 - 기타,승용,남,56세,상해없음,승용,여,51세,경상
음주운전,2022101000100035,2022년 10월 10일 04시,월요일,부산광역시 해운대구 우동,중상사고,0,1,0,0,차량단독 - 공작물충돌,안전운전불이행,건조,맑음,단일로 - 기타,이륜,남,15세,중상,,,,
음주운전,2.0221E+15,2022년 10월 10일 14시,월요일,부산광역시 해운대구 반여동,경상사고,0,0,3,0,차대차 - 기타,신호위반,건조,맑음,교차로 - 교차로부근,원동기,남,68세,상해없음,승용,남,38세,상해없음
음주운전,2022101000100284,2022년 10월 10일 16시,월요일,부산광역시 금정구 구서동,사망사고,1,0,0,0,차대차 - 추돌,안전운전불이행,건조,맑음,단일로 - 기타,원동기,남,76세,사망,승용,여,72세,기타불명
음주운전,2022101000100387,2022년 10월 10일 19시,월요일,부산광역시 사상구 삼락동,중상사고,0,1,0,0,차대차 - 추돌,안전운전불이행,건조,맑음,단일로 - 기타,승용,여,51세,기타불명,승용,남,44세,중상
음주운전,2022101100100038,2022년 10월 11일 06시,화요일,부산광역시 사상구 학장동,경상사고,0,0,1,0,차대차 - 추돌,안전운전불이행,건조,맑음,단일로 - 기타,승용,남,60세,상해없음,승용,여,59세,경상
음주운전,2022101200100002,2022년 10월 12일 00시,수요일,부산광역시 수영구 광안동,경상사고,0,0,3,0,차대차 - 추돌,안전운전불이행,건조,맑음,교차로 - 교차로안,승용,남,29세,상해없음,승용,남,59세,경상
음주운전,2022101200100018,2022년 10월 12일 02시,수요일,부산광역시 금정구 부곡동,경상사고,0,0,1,0,차대차 - 추돌,안전운전불이행,건조,맑음,교차로 - 교차로부근,승용,남,47세,상해없음,승용,남,66세,경상
음주운전,2022101300100029,2022년 10월 13일 03시,목요일,부산광역시 해운대구 우동,경상사고,0,0,1,0,차대차 - 정면충돌,안전운전불이행,건조,맑음,교차로 - 교차로부근,승용,남,42세,기타불명,화물,남,61세,경상
음주운전,2022101300100034,2022년 10월 13일 04시,목요일,부산광역시 금정구 남산동,중상사고,0,1,0,0,차량단독 - 공작물충돌,안전운전불이행,건조,맑음,단일로 - 기타,이륜,남,22세,상해없음,,,,
음주운전,2022101300100044,2022년 10월 13일 05시,목요일,부산광역시 부산진구 부전동,중상사고,0,1,0,0,차량단독 - 기타,안전운전불이행,건조,맑음,교차로 - 교차로부근,이륜,남,27세,중상,,,,
음주운전,2022101300100149,2022년 10월 13일 09시,목요일,부산광역시 부산진구 부전동,중상사고,0,1,0,0,차대차 - 측면충돌,안전운전불이행,건조,맑음,기타 - 기타,승용,남,30세,상해없음,승용,남,62세,중상
음주운전,2022101400100062,2022년 10월 14일 07시,금요일,부산광역시 남구 대연동,경상사고,0,0,2,0,차대차 - 기타,안전운전불이행,건조,맑음,단일로 - 기타,승용,남,65세,상해없음,승용,남,30세,경상
음주운전,2022101400100638,2022년 10월 14일 21시,금요일,부산광역시 사하구 감천동,경상사고,0,0,1,0,차대차 - 추돌,안전운전불이행,건조,맑음,단일로 - 기타,승용,남,52세,상해없음,화물,남,29세,경상
음주운전,2022101500100004,2022년 10월 15일 00시,토요일,부산광역시 해운대구 좌동,중상사고,0,1,0,0,차대차 - 추돌,안전운전불이행,건조,맑음,단일로 - 기타,승용,남,49세,상해없음,승용,남,69세,중상
음주운전,2022101500100454,2022년 10월 15일 18시,토요일,부산광역시 북구 구포동,중상사고,0,2,2,0,차대차 - 기타,안전운전불이행,건조,맑음,단일로 - 교량,화물,남,52세,상해없음,화물,남,60세,중상
음주운전,2.0221E+15,2022년 10월 16일 06시,일요일,부산광역시 동구 좌천동,경상사고,0,0,1,0,차대차 - 추돌,안전운전불이행,건조,맑음,교차로 - 교차로안,승용,남,37세,상해없음,승용,남,34세,경상
음주운전,2022101600100319,2022년 10월 16일 17시,일요일,부산광역시 남구 대연동,경상사고,0,0,2,0,차대차 - 추돌,안전운전불이행,건조,맑음,단일로 - 기타,승용,남,39세,상해없음,승용,여,51세,경상
음주운전,2022101700100001,2022년 10월 17일 00시,월요일,부산광역시 기장군 일광읍,중상사고,0,1,0,0,차대차 - 추돌,안전운전불이행,건조,맑음,단일로 - 기타,승용,남,34세,중상,화물,남,57세,상해없음
음주운전,2022101900100003,2022년 10월 19일 00시,수요일,부산광역시 동래구 명륜동,중상사고,0,1,2,0,차대차 - 기타,안전운전불이행,건조,맑음,교차로 - 교차로안,승용,남,23세,상해없음,승용,남,60세,경상
음주운전,2022101900100089,2022년 10월 19일 08시,수요일,부산광역시 부산진구 개금동,경상사고,0,0,1,0,차대차 - 기타,안전거리미확보,건조,맑음,단일로 - 기타,승용,남,59세,상해없음,승용,남,25세,경상
음주운전,2022101900100476,2022년 10월 19일 18시,수요일,부산광역시 남구 용호동,경상사고,0,0,1,0,차대차 - 기타,안전운전불이행,건조,맑음,교차로 - 교차로부근,승용,여,73세,상해없음,승용,여,43세,경상
음주운전,2022102000100638,2022년 10월 20일 21시,목요일,부산광역시 해운대구 우동,경상사고,0,0,3,0,차대차 - 추돌,안전운전불이행,기타,맑음,단일로 - 기타,승용,남,61세,상해없음,승용,여,53세,경상
음주운전,2022102100100004,2022년 10월 21일 00시,금요일,부산광역시 해운대구 중동,경상사고,0,0,1,0,차대차 - 기타,중앙선침범,기타,맑음,교차로 - 교차로부근,승용,여,27세,상해없음,승용,남,64세,경상
음주운전,2022102100100153,2022년 10월 21일 09시,금요일,부산광역시 연제구 거제동,중상사고,0,1,0,0,차대차 - 측면충돌,안전운전불이행,건조,맑음,교차로 - 교차로부근,승용,남,48세,상해없음,승용,여,42세,중상
음주운전,2022102100100572,2022년 10월 21일 20시,금요일,부산광역시 강서구 신호동,경상사고,0,0,3,0,차대차 - 추돌,안전운전불이행,건조,맑음,교차로 - 교차로부근,승용,남,49세,상해없음,승용,남,27세,경상
음주운전,2022102200100637,2022년 10월 22일 23시,토요일,부산광역시 수영구 광안동,경상사고,0,0,3,0,차대차 - 측면충돌,중앙선침범,건조,맑음,단일로 - 기타,승용,남,29세,상해없음,승용,남,28세,경상
음주운전,2022102200100638,2022년 10월 22일 23시,토요일,부산광역시 북구 금곡동,경상사고,0,0,2,0,차대차 - 추돌,안전운전불이행,건조,맑음,단일로 - 기타,승용,남,54세,상해없음,승용,남,31세,경상
음주운전,2022102300100018,2022년 10월 23일 01시,일요일,부산광역시 해운대구 재송동,경상사고,0,0,1,0,차대차 - 측면충돌,안전운전불이행,건조,맑음,교차로 - 교차로부근,승용,남,30세,상해없음,승용,남,22세,기타불명
음주운전,2022102300100023,2022년 10월 23일 02시,일요일,부산광역시 연제구 연산동,경상사고,0,0,1,0,차대차 - 기타,신호위반,건조,맑음,교차로 - 교차로안,원동기,남,19세,상해없음,승용,남,57세,경상
음주운전,2022102300100149,2022년 10월 23일 12시,일요일,부산광역시 강서구 대저2동,중상사고,0,1,1,0,차대차 - 측면충돌,안전운전불이행,건조,맑음,교차로 - 교차로안,승합,남,53세,중상,승용,남,45세,경상
음주운전,2022102300100412,2022년 10월 23일 21시,일요일,부산광역시 강서구 송정동,경상사고,0,0,1,0,차대차 - 추돌,안전운전불이행,건조,맑음,단일로 - 기타,승용,남,39세,상해없음,화물,남,46세,경상
음주운전,2022102400100501,2022년 10월 24일 18시,월요일,부산광역시 사상구 주례동,경상사고,0,0,2,0,차대차 - 추돌,안전운전불이행,건조,맑음,단일로 - 지하차도(도로)내,승용,남,57세,상해없음,승용,남,43세,경상
음주운전,2022102400100502,2022년 10월 24일 18시,월요일,부산광역시 강서구 강동동,경상사고,0,0,1,0,차대차 - 추돌,안전운전불이행,건조,맑음,단일로 - 기타,승용,남,65세,상해없음,승용,남,35세,경상
음주운전,2022102500100005,2022년 10월 25일 00시,화요일,부산광역시 강서구 강동동,경상사고,0,0,1,0,차대차 - 추돌,안전운전불이행,건조,맑음,단일로 - 기타,승용,남,30세,상해없음,승용,여,65세,경상
음주운전,2022102500100554,2022년 10월 25일 19시,화요일,부산광역시 해운대구 좌동,경상사고,0,0,1,0,차대차 - 후진중충돌,안전운전불이행,건조,맑음,단일로 - 기타,승용,남,20세,상해없음,승용,남,44세,경상
음주운전,2022102700100004,2022년 10월 27일 00시,목요일,부산광역시 해운대구 재송동,중상사고,0,2,0,0,차대차 - 추돌,안전운전불이행,건조,맑음,교차로 - 교차로부근,승용,남,29세,상해없음,승용,남,66세,상해없음
음주운전,2022102800100004,2022년 10월 28일 00시,금요일,부산광역시 수영구 수영동,경상사고,0,0,1,0,차대차 - 추돌,안전운전불이행,건조,맑음,교차로 - 교차로안,승용,남,63세,상해없음,이륜,남,38세,경상
음주운전,2022102800100707,2022년 10월 28일 21시,금요일,부산광역시 동래구 온천동,경상사고,0,0,2,0,차대차 - 추돌,안전운전불이행,건조,맑음,주차장 - 주차장,승용,남,43세,상해없음,승용,남,27세,경상
음주운전,2022102900100614,2022년 10월 29일 22시,토요일,부산광역시 동래구 온천동,경상사고,0,0,2,0,차대차 - 측면충돌,차로위반,건조,맑음,단일로 - 지하차도(도로)내,승용,남,41세,상해없음,승용,남,59세,경상
음주운전,2022103000100031,2022년 10월 30일 02시,일요일,부산광역시 연제구 거제동,경상사고,0,0,2,0,차대차 - 추돌,안전운전불이행,건조,맑음,기타 - 기타,승용,남,30세,상해없음,승용,남,73세,상해없음
음주운전,2022103000100043,2022년 10월 30일 03시,일요일,부산광역시 부산진구 부전동,경상사고,0,0,1,1,차대차 - 기타,신호위반,건조,맑음,교차로 - 교차로안,이륜,남,38세,부상신고,승용,남,24세,경상