사고부문,사고번호,사고일시,요일,시군구,사고내용,사망자수,중상자수,경상자수,부상신고자수,사고유형,법규위반,노면상태,기상상태,도로형태,가해운전자 차종,가해운전자 성별,가해운전자 연령,가해운전자 상해정도,피해운전자 차종,피해운전자 성별,피해운전자 연령,피해운전자 상해정도
음주운전,2022103000100077,2022년 10월 30일 07시,일요일,부산광역시 부산진구 부전동,경상사고,0,0,1,0,차대사람 - 기타,안전운전불이행,건조,맑음,단일로 - 기타,승용,남,19세,상해없음,보행자,남,49세,경상
음주운전,2022103000100248,2022년 10월 30일 14시,일요일,부산광역시 기장군 기장읍,경상사고,0,0,1,0,차대차 - 측면충돌,안전거리미확보,건조,맑음,단일로 - 기타,승용,남,45세,상해없음,승용,남,63세,경상
음주운전,2022103100100452,2022년 10월 31일 18시,월요일,부산광역시 동구 범일동,경상사고,0,0,5,4,차대차 - 측면충돌,신호위반,건조,맑음,단일로 - 기타,승용,남,40세,상해없음,승합,남,48세,경상
음주운전,2022103100100548,2022년 10월 31일 20시,월요일,부산광역시 동래구 온천동,중상사고,0,1,0,0,차대사람 - 차도통행중,안전운전불이행,건조,맑음,교차로 - 교차로안,화물,남,63세,상해없음,보행자,남,23세,중상
음주운전,2022110100100029,2022년 11월 1일 03시,화요일,부산광역시 북구 구포동,경상사고,0,0,3,0,차대차 - 기타,안전운전불이행,건조,맑음,교차로 - 교차로안,승용,남,33세,상해없음,승용,남,60세,경상
음주운전,2.02211E+15,2022년 11월 1일 03시,화요일,부산광역시 동래구 안락동,경상사고,0,0,2,0,차대차 - 측면충돌,안전운전불이행,건조,맑음,단일로 - 기타,승용,남,28세,상해없음,승용,남,66세,경상
음주운전,2022110200100594,2022년 11월 2일 22시,수요일,부산광역시 기장군 일광읍,경상사고,0,0,3,0,차대차 - 측면충돌,안전운전불이행,건조,맑음,단일로 - 기타,승용,남,32세,상해없음,승용,여,32세,경상
음주운전,2022110400100666,2022년 11월 4일 20시,금요일,부산광역시 남구 대연동,경상사고,0,0,1,0,차대차 - 추돌,안전거리미확보,건조,맑음,교차로 - 교차로부근,화물,남,49세,기타불명,승용,여,42세,경상
음주운전,2022110400100752,2022년 11월 4일 23시,금요일,부산광역시 사하구 장림동,경상사고,0,0,1,0,차대차 - 추돌,안전운전불이행,건조,맑음,교차로 - 교차로부근,승용,여,35세,상해없음,승용,남,28세,경상
음주운전,2022110500100005,2022년 11월 5일 00시,토요일,부산광역시 연제구 연산동,경상사고,0,0,1,1,차대사람 - 기타,안전운전불이행,건조,맑음,단일로 - 기타,이륜,남,29세,부상신고,보행자,남,24세,경상
음주운전,2022110500100042,2022년 11월 5일 05시,토요일,부산광역시 서구 충무동1가,중상사고,0,1,2,0,차대차 - 기타,안전운전불이행,건조,맑음,단일로 - 기타,승용,남,30세,상해없음,승용,남,76세,중상
음주운전,2.02211E+15,2022년 11월 5일 06시,토요일,부산광역시 부산진구 부전동,중상사고,0,2,0,0,차대차 - 추돌,안전운전불이행,건조,맑음,단일로 - 기타,원동기,남,23세,중상,승합,남,60세,상해없음
음주운전,2.02211E+15,2022년 11월 5일 19시,토요일,부산광역시 해운대구 재송동,경상사고,0,0,2,0,차대차 - 추돌,안전운전불이행,건조,맑음,교차로 - 교차로부근,화물,남,69세,상해없음,승용,남,29세,경상
음주운전,2022110600100003,2022년 11월 6일 00시,일요일,부산광역시 금정구 남산동,경상사고,0,0,3,0,차대차 - 측면충돌,안전운전불이행,건조,맑음,단일로 - 기타,승용,남,33세,상해없음,승용,남,56세,경상
음주운전,2022110600100504,2022년 11월 6일 22시,일요일,부산광역시 금정구 부곡동,경상사고,0,0,1,0,차대사람 - 차도통행중,안전운전불이행,건조,맑음,단일로 - 기타,승용,남,46세,상해없음,보행자,여,61세,경상
음주운전,2022110700100011,2022년 11월 7일 02시,월요일,부산광역시 사상구 엄궁동,중상사고,0,1,0,0,차대사람 - 보도통행중,신호위반,건조,맑음,교차로 - 교차로부근,이륜,남,21세,상해없음,보행자,남,36세,중상
음주운전,2022110700100616,2022년 11월 7일 23시,월요일,부산광역시 북구 만덕동,중상사고,0,1,1,0,차대사람 - 기타,신호위반,건조,맑음,교차로 - 교차로횡단보도내,이륜,남,29세,상해없음,보행자,여,22세,중상
음주운전,2022110800100011,2022년 11월 8일 01시,화요일,부산광역시 부산진구 당감동,경상사고,0,0,2,0,차대차 - 측면충돌,안전운전불이행,건조,맑음,단일로 - 기타,승용,남,27세,상해없음,승용,남,56세,경상
음주운전,2022110800100012,2022년 11월 8일 01시,화요일,부산광역시 부산진구 양정동,중상사고,0,3,1,0,차대차 - 기타,안전운전불이행,건조,맑음,교차로 - 교차로안,화물,남,54세,경상,승용,남,64세,중상
음주운전,2022110900100525,2022년 11월 9일 19시,수요일,부산광역시 부산진구 부암동,경상사고,0,0,1,0,차대차 - 후진중충돌,불법유턴,건조,맑음,단일로 - 기타,승용,남,53세,상해없음,승용,남,40세,경상
음주운전,2022110900100612,2022년 11월 9일 22시,수요일,부산광역시 사하구 다대동,경상사고,0,0,1,0,차대차 - 추돌,안전운전불이행,건조,맑음,교차로 - 교차로부근,승용,남,45세,상해없음,이륜,남,38세,경상
음주운전,2022110900100629,2022년 11월 9일 23시,수요일,부산광역시 남구 감만동,경상사고,0,0,1,0,차량단독 - 전도전복 - 전도,안전운전불이행,건조,맑음,단일로 - 기타,원동기,남,54세,경상,,,,
음주운전,2.02211E+15,2022년 11월 9일 23시,수요일,부산광역시 북구 덕천동,경상사고,0,0,1,0,차대차 - 정면충돌,안전운전불이행,건조,맑음,단일로 - 기타,승용,남,40세,상해없음,승용,여,23세,경상
음주운전,2022111000100141,2022년 11월 10일 09시,목요일,부산광역시 영도구 청학동,중상사고,0,1,1,0,차대차 - 추돌,안전운전불이행,건조,맑음,단일로 - 기타,승용,남,49세,기타불명,승용,남,65세,경상
음주운전,2.02211E+15,2022년 11월 10일 16시,목요일,부산광역시 기장군 철마면,경상사고,0,0,2,0,차대사람 - 보도통행중,기타,건조,맑음,단일로 - 기타,이륜,남,71세,상해없음,보행자,여,29세,경상
음주운전,2022111000100583,2022년 11월 10일 21시,목요일,부산광역시 강서구 범방동,중상사고,0,6,0,0,차대차 - 추돌,안전운전불이행,건조,맑음,교차로 - 교차로부근,승용,남,56세,상해없음,화물,남,30세,중상
음주운전,2022111100100014,2022년 11월 11일 01시,금요일,부산광역시 남구 용호동,중상사고,0,1,0,0,차량단독 - 기타,안전운전불이행,건조,맑음,단일로 - 기타,이륜,남,17세,중상,,,,
음주운전,2022111100100479,2022년 11월 11일 18시,금요일,부산광역시 동래구 온천동,경상사고,0,0,1,0,차대차 - 기타,안전운전불이행,건조,맑음,단일로 - 기타,승용,남,50세,상해없음,승용,여,42세,경상
음주운전,2022111100100635,2022년 11월 11일 22시,금요일,부산광역시 서구 토성동3가,경상사고,0,0,5,0,차대차 - 추돌,안전운전불이행,건조,맑음,교차로 - 교차로부근,승합,남,56세,상해없음,승용,여,51세,경상
음주운전,2022111200100006,2022년 11월 12일 00시,토요일,부산광역시 중구 남포동6가,경상사고,0,0,2,1,차대차 - 측면충돌,안전운전불이행,건조,맑음,교차로 - 교차로부근,이륜,여,18세,상해없음,승용,남,32세,경상
음주운전,2022111200100031,2022년 11월 12일 03시,토요일,부산광역시 남구 문현동,경상사고,0,0,1,0,차량단독 - 기타,안전운전불이행,건조,맑음,단일로 - 기타,이륜,남,27세,상해없음,,,,
음주운전,2022111200100682,2022년 11월 12일 23시,토요일,부산광역시 연제구 연산동,중상사고,0,1,4,0,차대차 - 추돌,안전운전불이행,젖음/습기,비,단일로 - 기타,승용,남,37세,상해없음,승용,남,68세,중상
음주운전,2022111300100019,2022년 11월 13일 01시,일요일,부산광역시 강서구 구랑동,경상사고,0,0,1,3,차대차 - 기타,안전운전불이행,젖음/습기,비,단일로 - 기타,승용,남,30세,기타불명,승용,남,40세,부상신고
음주운전,2022111300100048,2022년 11월 13일 03시,일요일,부산광역시 동래구 명륜동,경상사고,0,0,3,0,차대차 - 기타,안전운전불이행,젖음/습기,비,단일로 - 기타,화물,남,24세,상해없음,승용,여,28세,경상
음주운전,2022111300100049,2022년 11월 13일 03시,일요일,부산광역시 사하구 당리동,중상사고,0,2,0,0,차대사람 - 기타,안전운전불이행,건조,맑음,단일로 - 기타,승용,남,42세,상해없음,보행자,남,33세,중상
음주운전,2022111400100599,2022년 11월 14일 23시,월요일,부산광역시 서구 남부민동,경상사고,0,0,1,0,차대차 - 추돌,안전운전불이행,건조,맑음,단일로 - 기타,원동기,남,31세,경상,승합,남,51세,기타불명
음주운전,2022111500100592,2022년 11월 15일 21시,화요일,부산광역시 사하구 장림동,경상사고,0,0,1,1,차대차 - 추돌,안전운전불이행,건조,맑음,교차로 - 교차로부근,승용,남,73세,상해없음,승용,남,33세,경상
음주운전,2022111600100023,2022년 11월 16일 02시,수요일,부산광역시 금정구 장전동,경상사고,0,0,1,0,차대차 - 추돌,기타,건조,맑음,단일로 - 기타,승용,남,45세,상해없음,승용,남,68세,경상
음주운전,2.02211E+15,2022년 11월 16일 10시,수요일,부산광역시 동래구 명장동,경상사고,0,0,1,0,차대차 - 추돌,안전운전불이행,건조,맑음,단일로 - 기타,원동기,남,60세,상해없음,승용,남,37세,경상
음주운전,2022111700100005,2022년 11월 17일 00시,목요일,부산광역시 동래구 수안동,경상사고,0,0,1,0,차대차 - 추돌,안전운전불이행,건조,맑음,단일로 - 기타,승용,여,39세,상해없음,승용,여,39세,경상
음주운전,2022111700100597,2022년 11월 17일 22시,목요일,부산광역시 서구 동대신동2가,경상사고,0,0,1,0,차대차 - 측면충돌,안전운전불이행,건조,맑음,단일로 - 기타,승용,남,66세,상해없음,화물,남,24세,경상
음주운전,2022111700100599,2022년 11월 17일 22시,목요일,부산광역시 수영구 민락동,경상사고,0,0,2,0,차대차 - 추돌,안전운전불이행,건조,맑음,교차로 - 교차로안,승용,남,23세,상해없음,승용,남,34세,경상
음주운전,2.02211E+15,2022년 11월 17일 22시,목요일,부산광역시 강서구 명지동,경상사고,0,0,2,0,차대차 - 기타,중앙선침범,건조,맑음,교차로 - 교차로부근,승용,여,26세,상해없음,승용,여,33세,경상
음주운전,2022111900100022,2022년 11월 19일 01시,토요일,부산광역시 중구 남포동5가,경상사고,0,0,2,0,차대차 - 후진중충돌,안전운전불이행,건조,맑음,단일로 - 기타,승용,남,46세,상해없음,화물,남,27세,경상
음주운전,2022111900100039,2022년 11월 19일 03시,토요일,부산광역시 동구 좌천동,경상사고,0,0,1,0,차대차 - 추돌,안전운전불이행,건조,맑음,단일로 - 기타,승용,남,31세,상해없음,승용,남,56세,경상
음주운전,2022111900100234,2022년 11월 19일 13시,토요일,부산광역시 사상구 감전동,경상사고,0,0,2,0,차대차 - 추돌,안전운전불이행,건조,맑음,교차로 - 교차로부근,화물,남,55세,기타불명,승용,남,65세,경상
음주운전,2022111900100562,2022년 11월 19일 22시,토요일,부산광역시 연제구 거제동,경상사고,0,0,1,0,차대차 - 추돌,안전운전불이행,젖음/습기,비,단일로 - 기타,승용,여,51세,상해없음,승용,남,50세,경상
음주운전,2022111900100587,2022년 11월 19일 23시,토요일,부산광역시 동구 좌천동,경상사고,0,0,1,0,차대차 - 측면충돌,안전운전불이행,건조,흐림,단일로 - 기타,승용,여,30세,상해없음,화물,남,53세,경상
음주운전,2022112000100043,2022년 11월 20일 05시,일요일,부산광역시 부산진구 부전동,중상사고,0,2,0,0,차대사람 - 길가장자리구역통행중,안전운전불이행,건조,맑음,단일로 - 기타,승용,남,27세,상해없음,보행자,여,31세,중상
음주운전,2022112000100289,2022년 11월 20일 17시,일요일,부산광역시 서구 동대신동3가,경상사고,0,0,2,0,차대차 - 정면충돌,중앙선침범,건조,맑음,단일로 - 기타,승용,남,53세,상해없음,승합,남,45세,경상
음주운전,2022112100100079,2022년 11월 21일 08시,월요일,부산광역시 기장군 일광읍,경상사고,0,0,1,0,차대차 - 추돌,안전운전불이행,건조,맑음,단일로 - 기타,승용,남,25세,상해없음,화물,남,38세,경상
음주운전,2022112400100024,2022년 11월 24일 04시,목요일,부산광역시 부산진구 부전동,중상사고,0,1,0,1,차대차 - 추돌,기타,건조,맑음,단일로 - 기타,이륜,남,24세,부상신고,이륜,남,60세,중상
음주운전,2022112500100003,2022년 11월 25일 00시,금요일,부산광역시 부산진구 전포동,중상사고,0,1,0,0,차대사람 - 기타,안전운전불이행,건조,맑음,기타 - 기타,자전거,남,45세,상해없음,보행자,여,26세,중상
음주운전,2022112500100032,2022년 11월 25일 03시,금요일,부산광역시 사하구 하단동,경상사고,0,0,3,0,차대차 - 추돌,안전운전불이행,건조,맑음,교차로 - 교차로부근,승용,남,36세,상해없음,화물,남,51세,경상
음주운전,2022112500100517,2022년 11월 25일 19시,금요일,부산광역시 동래구 안락동,중상사고,0,1,0,0,차대차 - 측면충돌,중앙선침범,건조,맑음,단일로 - 기타,화물,남,61세,상해없음,승용,남,42세,중상
음주운전,2022112600100054,2022년 11월 26일 04시,토요일,부산광역시 수영구 광안동,경상사고,0,0,4,0,차대차 - 추돌,안전운전불이행,건조,맑음,단일로 - 기타,승용,남,27세,상해없음,승용,남,63세,경상
음주운전,2022112600100255,2022년 11월 26일 14시,토요일,부산광역시 기장군 기장읍,부상신고사고,0,0,0,2,차대차 - 추돌,안전거리미확보,건조,맑음,단일로 - 기타,승용,남,29세,상해없음,승용,남,60세,부상신고
음주운전,2022112700100153,2022년 11월 27일 13시,일요일,부산광역시 부산진구 부전동,경상사고,0,0,1,0,차대차 - 추돌,안전운전불이행,건조,맑음,단일로 - 기타,원동기,남,27세,상해없음,승용,남,64세,경상
음주운전,2022112900100024,2022년 11월 29일 03시,화요일,부산광역시 연제구 연산동,사망사고,1,0,1,0,차대사람 - 횡단중,신호위반,젖음/습기,비,교차로 - 교차로횡단보도내,이륜,남,17세,경상,보행자,남,53세,사망
음주운전,2022112900100055,2022년 11월 29일 06시,화요일,부산광역시 부산진구 전포동,경상사고,0,0,1,0,차대차 - 정면충돌,안전운전불이행,건조,맑음,교차로 - 교차로부근,화물,남,53세,상해없음,승용,남,51세,경상
음주운전,2022120100100508,2022년 12월 1일 21시,목요일,부산광역시 중구 부평동3가,경상사고,0,0,1,0,차대차 - 추돌,안전운전불이행,건조,맑음,기타 - 기타,승용,남,40세,상해없음,승합,남,49세,경상
음주운전,2022120100100534,2022년 12월 1일 22시,목요일,부산광역시 부산진구 개금동,경상사고,0,0,2,0,차대차 - 기타,안전운전불이행,건조,맑음,단일로 - 기타,화물,남,51세,상해없음,승용,여,58세,경상
음주운전,2022120200100019,2022년 12월 2일 01시,금요일,부산광역시 사하구 감천동,부상신고사고,0,0,0,1,차량단독 - 기타,안전운전불이행,건조,맑음,단일로 - 기타,이륜,남,18세,부상신고,,,,
음주운전,2022120300100288,2022년 12월 3일 15시,토요일,부산광역시 남구 대연동,경상사고,0,0,3,0,차대차 - 기타,안전운전불이행,건조,맑음,기타 - 기타,승용,남,52세,상해없음,승용,남,43세,경상
음주운전,2022120300100504,2022년 12월 3일 21시,토요일,부산광역시 부산진구 부전동,경상사고,0,0,1,0,차대사람 - 기타,안전운전불이행,건조,맑음,단일로 - 기타,승용,남,29세,상해없음,보행자,여,41세,경상
음주운전,2022120400100029,2022년 12월 4일 02시,일요일,부산광역시 기장군 정관읍,중상사고,0,1,0,0,차대차 - 정면충돌,안전운전불이행,건조,맑음,교차로 - 교차로부근,승용,여,27세,상해없음,승용,남,58세,중상
음주운전,2022120500100188,2022년 12월 5일 13시,월요일,부산광역시 부산진구 개금동,경상사고,0,0,3,0,차대차 - 추돌,안전운전불이행,건조,맑음,단일로 - 기타,승용,남,67세,상해없음,승용,남,58세,경상
음주운전,2022120700100013,2022년 12월 7일 02시,수요일,부산광역시 연제구 거제동,경상사고,0,0,2,0,차대차 - 추돌,안전운전불이행,건조,맑음,교차로 - 교차로부근,승용,남,38세,상해없음,승용,남,37세,경상
음주운전,2022120700100088,2022년 12월 7일 08시,수요일,부산광역시 강서구 녹산동,중상사고,0,1,0,0,차대차 - 추돌,안전운전불이행,건조,맑음,단일로 - 기타,승용,남,60세,상해없음,승용,남,31세,중상
음주운전,2022120800100038,2022년 12월 8일 04시,목요일,부산광역시 영도구 봉래동1가,중상사고,0,1,0,0,차량단독 - 기타,안전운전불이행,건조,기타,단일로 - 교량,이륜,남,44세,중상,,,,
음주운전,2022120800100582,2022년 12월 8일 20시,목요일,부산광역시 북구 만덕동,경상사고,0,0,1,0,차대차 - 기타,중앙선침범,건조,맑음,단일로 - 기타,승용,남,25세,상해없음,승용,남,51세,경상
음주운전,2022121000100006,2022년 12월 10일 00시,토요일,부산광역시 금정구 노포동,경상사고,0,0,1,0,차대차 - 기타,안전운전불이행,건조,맑음,단일로 - 기타,승용,남,54세,상해없음,화물,남,56세,경상
음주운전,2022121000100031,2022년 12월 10일 01시,토요일,부산광역시 해운대구 우동,중상사고,0,1,0,0,차대차 - 추돌,안전운전불이행,건조,맑음,교차로 - 교차로부근,화물,남,28세,상해없음,승용,여,36세,중상
음주운전,2022121000100056,2022년 12월 10일 03시,토요일,부산광역시 부산진구 부전동,경상사고,0,0,1,0,차대차 - 추돌,안전운전불이행,건조,맑음,단일로 - 기타,승용,남,20세,상해없음,승용,남,44세,경상
음주운전,2.02212E+15,2022년 12월 11일 01시,일요일,부산광역시 부산진구 당감동,경상사고,0,0,1,0,차대차 - 기타,안전거리미확보,건조,맑음,단일로 - 고가도로위,승용,여,62세,상해없음,승용,남,31세,경상
음주운전,2022121100100021,2022년 12월 11일 01시,일요일,부산광역시 기장군 일광읍,경상사고,0,0,4,0,차대차 - 추돌,안전운전불이행,건조,맑음,교차로 - 교차로부근,승용,남,28세,상해없음,승용,남,51세,경상
음주운전,2022121300100491,2022년 12월 13일 21시,화요일,부산광역시 기장군 일광읍,부상신고사고,0,0,0,2,차대차 - 추돌,안전거리미확보,건조,맑음,단일로 - 기타,승용,남,37세,상해없음,화물,남,58세,부상신고
음주운전,2022121500100007,2022년 12월 15일 00시,목요일,부산광역시 사상구 학장동,경상사고,0,0,3,0,차대차 - 추돌,안전운전불이행,건조,맑음,교차로 - 교차로부근,승용,남,35세,기타불명,승용,남,40세,경상
음주운전,2022121600100502,2022년 12월 16일 20시,금요일,부산광역시 강서구 지사동,부상신고사고,0,0,0,2,차대차 - 측면충돌,안전운전불이행,건조,맑음,단일로 - 기타,승용,남,40세,기타불명,승용,남,25세,부상신고
음주운전,2022121600100583,2022년 12월 16일 23시,금요일,부산광역시 해운대구 우동,경상사고,0,0,2,0,차대차 - 기타,안전운전불이행,건조,맑음,교차로 - 교차로안,승용,여,42세,상해없음,승용,남,25세,경상
음주운전,2.02212E+15,2022년 12월 17일 19시,토요일,부산광역시 동구 좌천동,경상사고,0,0,3,0,차대차 - 추돌,안전운전불이행,건조,맑음,교차로 - 교차로부근,승용,남,54세,상해없음,승용,남,61세,경상
음주운전,2022121700100505,2022년 12월 17일 21시,토요일,부산광역시 영도구 청학동,경상사고,0,0,1,0,차대차 - 추돌,안전운전불이행,건조,맑음,단일로 - 기타,승용,여,33세,상해없음,승용,남,29세,경상
음주운전,2022121700100548,2022년 12월 17일 23시,토요일,부산광역시 북구 덕천동,경상사고,0,0,2,0,차대차 - 기타,신호위반,건조,맑음,단일로 - 기타,승용,남,25세,상해없음,승용,남,27세,경상
음주운전,2022121800100027,2022년 12월 18일 01시,일요일,부산광역시 해운대구 재송동,경상사고,0,0,1,0,차대차 - 추돌,안전운전불이행,건조,맑음,단일로 - 교량,승용,남,41세,상해없음,승용,남,25세,경상
음주운전,2022121800100118,2022년 12월 18일 11시,일요일,부산광역시 연제구 거제동,중상사고,0,1,1,0,차대차 - 측면충돌,신호위반,건조,맑음,교차로 - 교차로안,승용,남,42세,상해없음,승용,남,54세,중상
음주운전,2022122000100001,2022년 12월 20일 00시,화요일,부산광역시 수영구 수영동,경상사고,0,0,2,0,차대차 - 추돌,안전운전불이행,건조,맑음,단일로 - 기타,승용,남,31세,기타불명,승용,남,51세,경상
음주운전,2022122000100247,2022년 12월 20일 12시,화요일,부산광역시 수영구 민락동,경상사고,0,0,1,0,차대차 - 추돌,안전운전불이행,건조,맑음,단일로 - 기타,승용,남,58세,상해없음,화물,남,39세,경상
음주운전,2022122000100633,2022년 12월 20일 22시,화요일,부산광역시 사상구 감전동,경상사고,0,0,1,0,차대차 - 기타,안전운전불이행,건조,맑음,교차로 - 교차로안,승용,남,59세,상해없음,승용,남,36세,경상
음주운전,2022122100100033,2022년 12월 21일 04시,수요일,부산광역시 사하구 하단동,부상신고사고,0,0,0,1,차대차 - 정면충돌,안전운전불이행,건조,맑음,단일로 - 기타,이륜,남,20세,부상신고,승합,남,55세,상해없음
음주운전,2022122100100342,2022년 12월 21일 17시,수요일,부산광역시 강서구 신호동,중상사고,0,1,0,0,차대사람 - 횡단중,안전운전불이행,건조,맑음,교차로 - 교차로부근,승용,남,66세,상해없음,보행자,여,19세,중상
음주운전,2022122100100491,2022년 12월 21일 22시,수요일,부산광역시 사하구 장림동,중상사고,0,1,5,0,차대차 - 추돌,안전운전불이행,건조,맑음,단일로 - 기타,승용,남,28세,상해없음,승합,남,63세,중상
음주운전,2022122200100004,2022년 12월 22일 00시,목요일,부산광역시 중구 대청동1가,경상사고,0,0,1,0,차대차 - 추돌,안전운전불이행,건조,맑음,단일로 - 기타,승용,남,44세,상해없음,승용,남,30세,경상
음주운전,2022122300100034,2022년 12월 23일 03시,금요일,부산광역시 부산진구 당감동,부상신고사고,0,0,0,1,차량단독 - 기타,안전운전불이행,건조,맑음,단일로 - 기타,이륜,남,20세,부상신고,,,,
음주운전,2022122300100044,2022년 12월 23일 05시,금요일,부산광역시 남구 용당동,경상사고,0,0,1,0,차대차 - 추돌,안전운전불이행,건조,맑음,단일로 - 터널,승용,남,23세,상해없음,특수,남,45세,경상
음주운전,2022122300100501,2022년 12월 23일 21시,금요일,부산광역시 사하구 다대동,경상사고,0,0,4,0,차대차 - 추돌,안전운전불이행,건조,맑음,단일로 - 지하차도(도로)내,승용,남,60세,상해없음,승용,남,48세,경상
음주운전,2022122300100564,2022년 12월 23일 23시,금요일,부산광역시 연제구 거제동,경상사고,0,0,3,0,차대차 - 측면충돌,안전운전불이행,건조,맑음,교차로 - 교차로부근,승용,남,25세,상해없음,승용,남,66세,경상
음주운전,2022122400100028,2022년 12월 24일 02시,토요일,부산광역시 해운대구 반여동,경상사고,0,0,3,0,차대차 - 추돌,안전운전불이행,건조,맑음,교차로 - 교차로부근,화물,남,51세,상해없음,승용,남,63세,경상
음주운전,2022122400100063,2022년 12월 24일 07시,토요일,부산광역시 부산진구 전포동,중상사고,0,1,0,0,차대차 - 측면충돌,안전운전불이행,건조,맑음,단일로 - 기타,승용,여,26세,상해없음,화물,남,63세,중상
음주운전,2022122500100032,2022년 12월 25일 04시,일요일,부산광역시 연제구 거제동,경상사고,0,0,1,0,차대사람 - 기타,기타,건조,맑음,단일로 - 기타,승용,여,69세,상해없음,보행자,남,40세,경상
음주운전,2022122500100351,2022년 12월 25일 21시,일요일,부산광역시 부산진구 연지동,경상사고,0,0,2,0,차대차 - 추돌,안전거리미확보,건조,맑음,기타 - 기타,승용,여,32세,상해없음,승용,남,49세,경상
음주운전,2022122600100178,2022년 12월 26일 11시,월요일,부산광역시 북구 덕천동,경상사고,0,0,2,0,차대차 - 추돌,안전운전불이행,건조,맑음,교차로 - 교차로안,승용,남,40세,상해없음,승용,여,58세,경상
음주운전,2.02212E+15,2022년 12월 26일 18시,월요일,부산광역시 사하구 장림동,경상사고,0,0,2,0,차대차 - 추돌,중앙선침범,건조,맑음,교차로 - 교차로안,승용,남,56세,상해없음,승용,여,49세,경상
음주운전,2022122600100522,2022년 12월 26일 22시,월요일,부산광역시 강서구 송정동,경상사고,0,0,1,0,차대차 - 추돌,안전운전불이행,건조,맑음,교차로 - 교차로부근,승용,여,47세,상해없음,승용,여,41세,경상
음주운전,2022122700100141,2022년 12월 27일 09시,화요일,부산광역시 연제구 거제동,경상사고,0,0,2,0,차대차 - 기타,안전운전불이행,건조,맑음,단일로 - 기타,승용,남,32세,상해없음,승용,남,59세,경상
음주운전,2.02212E+15,2022년 12월 28일 23시,수요일,부산광역시 중구 부평동1가,중상사고,0,1,1,0,차대차 - 기타,신호위반,건조,맑음,교차로 - 교차로안,승용,남,26세,상해없음,이륜,남,27세,중상
음주운전,2022122900100014,2022년 12월 29일 01시,목요일,부산광역시 부산진구 부전동,경상사고,0,0,2,0,차대차 - 기타,안전운전불이행,건조,맑음,기타 - 기타,승용,남,33세,기타불명,승용,남,73세,경상
음주운전,2022122900100043,2022년 12월 29일 06시,목요일,부산광역시 부산진구 부전동,경상사고,0,0,1,0,차대차 - 기타,안전운전불이행,건조,맑음,단일로 - 기타,승용,남,24세,상해없음,승용,남,27세,경상
음주운전,2022122900100044,2022년 12월 29일 06시,목요일,부산광역시 기장군 철마면,중상사고,0,1,0,0,차대차 - 정면충돌,안전운전불이행,건조,맑음,교차로 - 교차로부근,승용,남,60세,상해없음,승용,남,60세,중상
음주운전,2022122900100494,2022년 12월 29일 19시,목요일,부산광역시 수영구 망미동,중상사고,0,1,9,0,차대차 - 추돌,안전운전불이행,건조,맑음,단일로 - 기타,화물,남,47세,상해없음,승합,남,52세,경상
음주운전,2022122900100585,2022년 12월 29일 22시,목요일,부산광역시 영도구 동삼동,경상사고,0,0,1,0,차대차 - 정면충돌,중앙선침범,건조,기타,교차로 - 교차로안,승용,남,29세,상해없음,승용,남,68세,경상
음주운전,2022122900100587,2022년 12월 29일 22시,목요일,부산광역시 부산진구 부전동,중상사고,0,1,0,0,차대차 - 추돌,안전운전불이행,건조,맑음,교차로 - 교차로부근,승용,남,50세,상해없음,이륜,남,38세,중상
음주운전,2022123000100111,2022년 12월 30일 09시,금요일,부산광역시 사상구 모라동,경상사고,0,0,1,0,차대차 - 추돌,안전운전불이행,건조,맑음,단일로 - 지하차도(도로)내,승용,남,60세,상해없음,화물,남,57세,상해없음